conversation_id_hash,message_timestamp,repository,artifact_kind,artifact_number,artifact_id,join_method,confidence,authorization_present,notes,caveat_ref
,,KSE2026,issue_creation,73,,unmatched,,n/a,,"Q1 negative (no tool-role messages / connector payload in the export; see extractor inventory.json): every tier below exact-id/exact-body is circumstantial text-based evidence, not a direct attestation of a Connector write. pr_review rows are not filterable by connector routing (Reviews API omits performed_via_github_app) and are excluded from the connector-routed universe count. See analysis/connector-linkage-methodology.md."
,,KSE2026,pr_creation,72,,unmatched,,n/a,,"Q1 negative (no tool-role messages / connector payload in the export; see extractor inventory.json): every tier below exact-id/exact-body is circumstantial text-based evidence, not a direct attestation of a Connector write. pr_review rows are not filterable by connector routing (Reviews API omits performed_via_github_app) and are excluded from the connector-routed universe count. See analysis/connector-linkage-methodology.md."
,,KSE2026,issue_creation,71,,unmatched,,n/a,,"Q1 negative (no tool-role messages / connector payload in the export; see extractor inventory.json): every tier below exact-id/exact-body is circumstantial text-based evidence, not a direct attestation of a Connector write. pr_review rows are not filterable by connector routing (Reviews API omits performed_via_github_app) and are excluded from the connector-routed universe count. See analysis/connector-linkage-methodology.md."
,,KSE2026,issue_creation,70,,unmatched,,n/a,,"Q1 negative (no tool-role messages / connector payload in the export; see extractor inventory.json): every tier below exact-id/exact-body is circumstantial text-based evidence, not a direct attestation of a Connector write. pr_review rows are not filterable by connector routing (Reviews API omits performed_via_github_app) and are excluded from the connector-routed universe count. See analysis/connector-linkage-methodology.md."
72cc84ae53fb88b8,2026-07-24T18:24:23+00:00,KSE2026,issue_creation,61,,time-and-context,medium,yes-rejected,spot-check:negated instruction (lexicon cannot detect negation),"Q1 negative (no tool-role messages / connector payload in the export; see extractor inventory.json): every tier below exact-id/exact-body is circumstantial text-based evidence, not a direct attestation of a Connector write. pr_review rows are not filterable by connector routing (Reviews API omits performed_via_github_app) and are excluded from the connector-routed universe count. See analysis/connector-linkage-methodology.md."
72cc84ae53fb88b8,,KSE2026,issue_creation,60,,reconstructed,low,n/a,,"Q1 negative (no tool-role messages / connector payload in the export; see extractor inventory.json): every tier below exact-id/exact-body is circumstantial text-based evidence, not a direct attestation of a Connector write. pr_review rows are not filterable by connector routing (Reviews API omits performed_via_github_app) and are excluded from the connector-routed universe count. See analysis/connector-linkage-methodology.md."
,,KSE2026,pr_creation,59,,unmatched,,n/a,,"Q1 negative (no tool-role messages / connector payload in the export; see extractor inventory.json): every tier below exact-id/exact-body is circumstantial text-based evidence, not a direct attestation of a Connector write. pr_review rows are not filterable by connector routing (Reviews API omits performed_via_github_app) and are excluded from the connector-routed universe count. See analysis/connector-linkage-methodology.md."
,,KSE2026,issue_creation,58,,unmatched,,n/a,,"Q1 negative (no tool-role messages / connector payload in the export; see extractor inventory.json): every tier below exact-id/exact-body is circumstantial text-based evidence, not a direct attestation of a Connector write. pr_review rows are not filterable by connector routing (Reviews API omits performed_via_github_app) and are excluded from the connector-routed universe count. See analysis/connector-linkage-methodology.md."
5e0ca0c8e07a37c7,,KSE2026,issue_creation,42,,reconstructed,low,n/a,,"Q1 negative (no tool-role messages / connector payload in the export; see extractor inventory.json): every tier below exact-id/exact-body is circumstantial text-based evidence, not a direct attestation of a Connector write. pr_review rows are not filterable by connector routing (Reviews API omits performed_via_github_app) and are excluded from the connector-routed universe count. See analysis/connector-linkage-methodology.md."
5e0ca0c8e07a37c7,2026-07-22T10:33:15+00:00,KSE2026,issue_creation,23,,time-and-context,medium,yes,,"Q1 negative (no tool-role messages / connector payload in the export; see extractor inventory.json): every tier below exact-id/exact-body is circumstantial text-based evidence, not a direct attestation of a Connector write. pr_review rows are not filterable by connector routing (Reviews API omits performed_via_github_app) and are excluded from the connector-routed universe count. See analysis/connector-linkage-methodology.md."
5e0ca0c8e07a37c7,,KSE2026,issue_comment,37,5048894718,reconstructed,low,n/a,,"Q1 negative (no tool-role messages / connector payload in the export; see extractor inventory.json): every tier below exact-id/exact-body is circumstantial text-based evidence, not a direct attestation of a Connector write. pr_review rows are not filterable by connector routing (Reviews API omits performed_via_github_app) and are excluded from the connector-routed universe count. See analysis/connector-linkage-methodology.md."
5e0ca0c8e07a37c7,,KSE2026,issue_comment,29,5048897868,reconstructed,low,n/a,,"Q1 negative (no tool-role messages / connector payload in the export; see extractor inventory.json): every tier below exact-id/exact-body is circumstantial text-based evidence, not a direct attestation of a Connector write. pr_review rows are not filterable by connector routing (Reviews API omits performed_via_github_app) and are excluded from the connector-routed universe count. See analysis/connector-linkage-methodology.md."
5e0ca0c8e07a37c7,,KSE2026,issue_comment,35,5048915117,reconstructed,low,n/a,,"Q1 negative (no tool-role messages / connector payload in the export; see extractor inventory.json): every tier below exact-id/exact-body is circumstantial text-based evidence, not a direct attestation of a Connector write. pr_review rows are not filterable by connector routing (Reviews API omits performed_via_github_app) and are excluded from the connector-routed universe count. See analysis/connector-linkage-methodology.md."
,,KSE2026,issue_comment,59,5065753541,unmatched,,n/a,,"Q1 negative (no tool-role messages / connector payload in the export; see extractor inventory.json): every tier below exact-id/exact-body is circumstantial text-based evidence, not a direct attestation of a Connector write. pr_review rows are not filterable by connector routing (Reviews API omits performed_via_github_app) and are excluded from the connector-routed universe count. See analysis/connector-linkage-methodology.md."
72cc84ae53fb88b8,,KSE2026,issue_comment,59,5072788587,reconstructed,low,n/a,,"Q1 negative (no tool-role messages / connector payload in the export; see extractor inventory.json): every tier below exact-id/exact-body is circumstantial text-based evidence, not a direct attestation of a Connector write. pr_review rows are not filterable by connector routing (Reviews API omits performed_via_github_app) and are excluded from the connector-routed universe count. See analysis/connector-linkage-methodology.md."
72cc84ae53fb88b8,,KSE2026,issue_comment,60,5076526432,reconstructed,low,n/a,,"Q1 negative (no tool-role messages / connector payload in the export; see extractor inventory.json): every tier below exact-id/exact-body is circumstantial text-based evidence, not a direct attestation of a Connector write. pr_review rows are not filterable by connector routing (Reviews API omits performed_via_github_app) and are excluded from the connector-routed universe count. See analysis/connector-linkage-methodology.md."
,,KSE2026,issue_comment,68,5077466039,unmatched,,n/a,,"Q1 negative (no tool-role messages / connector payload in the export; see extractor inventory.json): every tier below exact-id/exact-body is circumstantial text-based evidence, not a direct attestation of a Connector write. pr_review rows are not filterable by connector routing (Reviews API omits performed_via_github_app) and are excluded from the connector-routed universe count. See analysis/connector-linkage-methodology.md."
,,KSE2026,issue_comment,69,5077480942,unmatched,,n/a,,"Q1 negative (no tool-role messages / connector payload in the export; see extractor inventory.json): every tier below exact-id/exact-body is circumstantial text-based evidence, not a direct attestation of a Connector write. pr_review rows are not filterable by connector routing (Reviews API omits performed_via_github_app) and are excluded from the connector-routed universe count. See analysis/connector-linkage-methodology.md."
,,KSE2026,issue_comment,72,5077631743,unmatched,,n/a,,"Q1 negative (no tool-role messages / connector payload in the export; see extractor inventory.json): every tier below exact-id/exact-body is circumstantial text-based evidence, not a direct attestation of a Connector write. pr_review rows are not filterable by connector routing (Reviews API omits performed_via_github_app) and are excluded from the connector-routed universe count. See analysis/connector-linkage-methodology.md."
,,KSE2026,issue_comment,35,5077782995,unmatched,,n/a,,"Q1 negative (no tool-role messages / connector payload in the export; see extractor inventory.json): every tier below exact-id/exact-body is circumstantial text-based evidence, not a direct attestation of a Connector write. pr_review rows are not filterable by connector routing (Reviews API omits performed_via_github_app) and are excluded from the connector-routed universe count. See analysis/connector-linkage-methodology.md."
,,KSE2026,issue_comment,42,5077784560,unmatched,,n/a,,"Q1 negative (no tool-role messages / connector payload in the export; see extractor inventory.json): every tier below exact-id/exact-body is circumstantial text-based evidence, not a direct attestation of a Connector write. pr_review rows are not filterable by connector routing (Reviews API omits performed_via_github_app) and are excluded from the connector-routed universe count. See analysis/connector-linkage-methodology.md."
,,KSE2026,issue_comment,58,5077785163,unmatched,,n/a,,"Q1 negative (no tool-role messages / connector payload in the export; see extractor inventory.json): every tier below exact-id/exact-body is circumstantial text-based evidence, not a direct attestation of a Connector write. pr_review rows are not filterable by connector routing (Reviews API omits performed_via_github_app) and are excluded from the connector-routed universe count. See analysis/connector-linkage-methodology.md."
,,KSE2026,issue_comment,60,5077785835,unmatched,,n/a,,"Q1 negative (no tool-role messages / connector payload in the export; see extractor inventory.json): every tier below exact-id/exact-body is circumstantial text-based evidence, not a direct attestation of a Connector write. pr_review rows are not filterable by connector routing (Reviews API omits performed_via_github_app) and are excluded from the connector-routed universe count. See analysis/connector-linkage-methodology.md."
,,KSE2026,issue_comment,70,5077786518,unmatched,,n/a,,"Q1 negative (no tool-role messages / connector payload in the export; see extractor inventory.json): every tier below exact-id/exact-body is circumstantial text-based evidence, not a direct attestation of a Connector write. pr_review rows are not filterable by connector routing (Reviews API omits performed_via_github_app) and are excluded from the connector-routed universe count. See analysis/connector-linkage-methodology.md."
,,KSE2026,issue_comment,71,5077787011,unmatched,,n/a,,"Q1 negative (no tool-role messages / connector payload in the export; see extractor inventory.json): every tier below exact-id/exact-body is circumstantial text-based evidence, not a direct attestation of a Connector write. pr_review rows are not filterable by connector routing (Reviews API omits performed_via_github_app) and are excluded from the connector-routed universe count. See analysis/connector-linkage-methodology.md."
,,KSE2026,issue_comment,60,5077808506,unmatched,,n/a,,"Q1 negative (no tool-role messages / connector payload in the export; see extractor inventory.json): every tier below exact-id/exact-body is circumstantial text-based evidence, not a direct attestation of a Connector write. pr_review rows are not filterable by connector routing (Reviews API omits performed_via_github_app) and are excluded from the connector-routed universe count. See analysis/connector-linkage-methodology.md."
,,KSE2026,issue_comment,74,5078162318,unmatched,,n/a,,"Q1 negative (no tool-role messages / connector payload in the export; see extractor inventory.json): every tier below exact-id/exact-body is circumstantial text-based evidence, not a direct attestation of a Connector write. pr_review rows are not filterable by connector routing (Reviews API omits performed_via_github_app) and are excluded from the connector-routed universe count. See analysis/connector-linkage-methodology.md."
,,KSE2026,issue_comment,75,5078163071,unmatched,,n/a,,"Q1 negative (no tool-role messages / connector payload in the export; see extractor inventory.json): every tier below exact-id/exact-body is circumstantial text-based evidence, not a direct attestation of a Connector write. pr_review rows are not filterable by connector routing (Reviews API omits performed_via_github_app) and are excluded from the connector-routed universe count. See analysis/connector-linkage-methodology.md."
,,KSE2026,issue_comment,76,5078163971,unmatched,,n/a,,"Q1 negative (no tool-role messages / connector payload in the export; see extractor inventory.json): every tier below exact-id/exact-body is circumstantial text-based evidence, not a direct attestation of a Connector write. pr_review rows are not filterable by connector routing (Reviews API omits performed_via_github_app) and are excluded from the connector-routed universe count. See analysis/connector-linkage-methodology.md."
,,KSE2026,issue_comment,74,5078192020,unmatched,,n/a,,"Q1 negative (no tool-role messages / connector payload in the export; see extractor inventory.json): every tier below exact-id/exact-body is circumstantial text-based evidence, not a direct attestation of a Connector write. pr_review rows are not filterable by connector routing (Reviews API omits performed_via_github_app) and are excluded from the connector-routed universe count. See analysis/connector-linkage-methodology.md."
,,KSE2026,issue_comment,75,5078192552,unmatched,,n/a,,"Q1 negative (no tool-role messages / connector payload in the export; see extractor inventory.json): every tier below exact-id/exact-body is circumstantial text-based evidence, not a direct attestation of a Connector write. pr_review rows are not filterable by connector routing (Reviews API omits performed_via_github_app) and are excluded from the connector-routed universe count. See analysis/connector-linkage-methodology.md."
,,KSE2026,issue_comment,76,5078193054,unmatched,,n/a,,"Q1 negative (no tool-role messages / connector payload in the export; see extractor inventory.json): every tier below exact-id/exact-body is circumstantial text-based evidence, not a direct attestation of a Connector write. pr_review rows are not filterable by connector routing (Reviews API omits performed_via_github_app) and are excluded from the connector-routed universe count. See analysis/connector-linkage-methodology.md."
,,KSE2026,issue_comment,76,5078231052,unmatched,,n/a,,"Q1 negative (no tool-role messages / connector payload in the export; see extractor inventory.json): every tier below exact-id/exact-body is circumstantial text-based evidence, not a direct attestation of a Connector write. pr_review rows are not filterable by connector routing (Reviews API omits performed_via_github_app) and are excluded from the connector-routed universe count. See analysis/connector-linkage-methodology.md."
,,KSE2026,issue_comment,76,5078256989,unmatched,,n/a,,"Q1 negative (no tool-role messages / connector payload in the export; see extractor inventory.json): every tier below exact-id/exact-body is circumstantial text-based evidence, not a direct attestation of a Connector write. pr_review rows are not filterable by connector routing (Reviews API omits performed_via_github_app) and are excluded from the connector-routed universe count. See analysis/connector-linkage-methodology.md."
,,KSE2026,issue_comment,77,5078264862,unmatched,,n/a,,"Q1 negative (no tool-role messages / connector payload in the export; see extractor inventory.json): every tier below exact-id/exact-body is circumstantial text-based evidence, not a direct attestation of a Connector write. pr_review rows are not filterable by connector routing (Reviews API omits performed_via_github_app) and are excluded from the connector-routed universe count. See analysis/connector-linkage-methodology.md."
,,KSE2026,issue_comment,77,5078269967,unmatched,,n/a,,"Q1 negative (no tool-role messages / connector payload in the export; see extractor inventory.json): every tier below exact-id/exact-body is circumstantial text-based evidence, not a direct attestation of a Connector write. pr_review rows are not filterable by connector routing (Reviews API omits performed_via_github_app) and are excluded from the connector-routed universe count. See analysis/connector-linkage-methodology.md."
,,KSE2026,issue_comment,78,5078510874,unmatched,,n/a,,"Q1 negative (no tool-role messages / connector payload in the export; see extractor inventory.json): every tier below exact-id/exact-body is circumstantial text-based evidence, not a direct attestation of a Connector write. pr_review rows are not filterable by connector routing (Reviews API omits performed_via_github_app) and are excluded from the connector-routed universe count. See analysis/connector-linkage-methodology.md."
,,KSE2026,pr_review,80,4781275319,unmatched,,n/a,,"Q1 negative (no tool-role messages / connector payload in the export; see extractor inventory.json): every tier below exact-id/exact-body is circumstantial text-based evidence, not a direct attestation of a Connector write. pr_review rows are not filterable by connector routing (Reviews API omits performed_via_github_app) and are excluded from the connector-routed universe count. See analysis/connector-linkage-methodology.md."
,,KSE2026,pr_review,80,4781277927,unmatched,,n/a,,"Q1 negative (no tool-role messages / connector payload in the export; see extractor inventory.json): every tier below exact-id/exact-body is circumstantial text-based evidence, not a direct attestation of a Connector write. pr_review rows are not filterable by connector routing (Reviews API omits performed_via_github_app) and are excluded from the connector-routed universe count. See analysis/connector-linkage-methodology.md."
,,KSE2026,pr_review,80,4781349580,unmatched,,n/a,,"Q1 negative (no tool-role messages / connector payload in the export; see extractor inventory.json): every tier below exact-id/exact-body is circumstantial text-based evidence, not a direct attestation of a Connector write. pr_review rows are not filterable by connector routing (Reviews API omits performed_via_github_app) and are excluded from the connector-routed universe count. See analysis/connector-linkage-methodology.md."
,,KSE2026,pr_review,80,4781353144,unmatched,,n/a,,"Q1 negative (no tool-role messages / connector payload in the export; see extractor inventory.json): every tier below exact-id/exact-body is circumstantial text-based evidence, not a direct attestation of a Connector write. pr_review rows are not filterable by connector routing (Reviews API omits performed_via_github_app) and are excluded from the connector-routed universe count. See analysis/connector-linkage-methodology.md."
,,KSE2026,pr_review,78,4779229321,unmatched,,n/a,,"Q1 negative (no tool-role messages / connector payload in the export; see extractor inventory.json): every tier below exact-id/exact-body is circumstantial text-based evidence, not a direct attestation of a Connector write. pr_review rows are not filterable by connector routing (Reviews API omits performed_via_github_app) and are excluded from the connector-routed universe count. See analysis/connector-linkage-methodology.md."
,,KSE2026,pr_review,78,4779238299,unmatched,,n/a,,"Q1 negative (no tool-role messages / connector payload in the export; see extractor inventory.json): every tier below exact-id/exact-body is circumstantial text-based evidence, not a direct attestation of a Connector write. pr_review rows are not filterable by connector routing (Reviews API omits performed_via_github_app) and are excluded from the connector-routed universe count. See analysis/connector-linkage-methodology.md."
,,KSE2026,pr_review,77,4779114365,unmatched,,n/a,,"Q1 negative (no tool-role messages / connector payload in the export; see extractor inventory.json): every tier below exact-id/exact-body is circumstantial text-based evidence, not a direct attestation of a Connector write. pr_review rows are not filterable by connector routing (Reviews API omits performed_via_github_app) and are excluded from the connector-routed universe count. See analysis/connector-linkage-methodology.md."
,,KSE2026,pr_review,77,4779125714,unmatched,,n/a,,"Q1 negative (no tool-role messages / connector payload in the export; see extractor inventory.json): every tier below exact-id/exact-body is circumstantial text-based evidence, not a direct attestation of a Connector write. pr_review rows are not filterable by connector routing (Reviews API omits performed_via_github_app) and are excluded from the connector-routed universe count. See analysis/connector-linkage-methodology.md."
,,KSE2026,pr_review,76,4779050740,unmatched,,n/a,,"Q1 negative (no tool-role messages / connector payload in the export; see extractor inventory.json): every tier below exact-id/exact-body is circumstantial text-based evidence, not a direct attestation of a Connector write. pr_review rows are not filterable by connector routing (Reviews API omits performed_via_github_app) and are excluded from the connector-routed universe count. See analysis/connector-linkage-methodology.md."
,,KSE2026,pr_review,76,4779092831,unmatched,,n/a,,"Q1 negative (no tool-role messages / connector payload in the export; see extractor inventory.json): every tier below exact-id/exact-body is circumstantial text-based evidence, not a direct attestation of a Connector write. pr_review rows are not filterable by connector routing (Reviews API omits performed_via_github_app) and are excluded from the connector-routed universe count. See analysis/connector-linkage-methodology.md."
,,KSE2026,pr_review,76,4779117109,unmatched,,n/a,,"Q1 negative (no tool-role messages / connector payload in the export; see extractor inventory.json): every tier below exact-id/exact-body is circumstantial text-based evidence, not a direct attestation of a Connector write. pr_review rows are not filterable by connector routing (Reviews API omits performed_via_github_app) and are excluded from the connector-routed universe count. See analysis/connector-linkage-methodology.md."
,,KSE2026,pr_review,75,4779048742,unmatched,,n/a,,"Q1 negative (no tool-role messages / connector payload in the export; see extractor inventory.json): every tier below exact-id/exact-body is circumstantial text-based evidence, not a direct attestation of a Connector write. pr_review rows are not filterable by connector routing (Reviews API omits performed_via_github_app) and are excluded from the connector-routed universe count. See analysis/connector-linkage-methodology.md."
,,KSE2026,pr_review,75,4779127457,unmatched,,n/a,,"Q1 negative (no tool-role messages / connector payload in the export; see extractor inventory.json): every tier below exact-id/exact-body is circumstantial text-based evidence, not a direct attestation of a Connector write. pr_review rows are not filterable by connector routing (Reviews API omits performed_via_github_app) and are excluded from the connector-routed universe count. See analysis/connector-linkage-methodology.md."
,,KSE2026,pr_review,74,4779049158,unmatched,,n/a,,"Q1 negative (no tool-role messages / connector payload in the export; see extractor inventory.json): every tier below exact-id/exact-body is circumstantial text-based evidence, not a direct attestation of a Connector write. pr_review rows are not filterable by connector routing (Reviews API omits performed_via_github_app) and are excluded from the connector-routed universe count. See analysis/connector-linkage-methodology.md."
,,KSE2026,pr_review,74,4779117747,unmatched,,n/a,,"Q1 negative (no tool-role messages / connector payload in the export; see extractor inventory.json): every tier below exact-id/exact-body is circumstantial text-based evidence, not a direct attestation of a Connector write. pr_review rows are not filterable by connector routing (Reviews API omits performed_via_github_app) and are excluded from the connector-routed universe count. See analysis/connector-linkage-methodology.md."
,,KSE2026,pr_review,72,4778715298,unmatched,,n/a,,"Q1 negative (no tool-role messages / connector payload in the export; see extractor inventory.json): every tier below exact-id/exact-body is circumstantial text-based evidence, not a direct attestation of a Connector write. pr_review rows are not filterable by connector routing (Reviews API omits performed_via_github_app) and are excluded from the connector-routed universe count. See analysis/connector-linkage-methodology.md."
,,KSE2026,pr_review,72,4778724107,unmatched,,n/a,,"Q1 negative (no tool-role messages / connector payload in the export; see extractor inventory.json): every tier below exact-id/exact-body is circumstantial text-based evidence, not a direct attestation of a Connector write. pr_review rows are not filterable by connector routing (Reviews API omits performed_via_github_app) and are excluded from the connector-routed universe count. See analysis/connector-linkage-methodology.md."
,,KSE2026,pr_review,72,4778724148,unmatched,,n/a,,"Q1 negative (no tool-role messages / connector payload in the export; see extractor inventory.json): every tier below exact-id/exact-body is circumstantial text-based evidence, not a direct attestation of a Connector write. pr_review rows are not filterable by connector routing (Reviews API omits performed_via_github_app) and are excluded from the connector-routed universe count. See analysis/connector-linkage-methodology.md."
72cc84ae53fb88b8,,KSE2026,pr_review,69,4778122478,reconstructed,low,n/a,,"Q1 negative (no tool-role messages / connector payload in the export; see extractor inventory.json): every tier below exact-id/exact-body is circumstantial text-based evidence, not a direct attestation of a Connector write. pr_review rows are not filterable by connector routing (Reviews API omits performed_via_github_app) and are excluded from the connector-routed universe count. See analysis/connector-linkage-methodology.md."
,,KSE2026,pr_review,69,4778745165,unmatched,,n/a,,"Q1 negative (no tool-role messages / connector payload in the export; see extractor inventory.json): every tier below exact-id/exact-body is circumstantial text-based evidence, not a direct attestation of a Connector write. pr_review rows are not filterable by connector routing (Reviews API omits performed_via_github_app) and are excluded from the connector-routed universe count. See analysis/connector-linkage-methodology.md."
,,KSE2026,pr_review,69,4778945866,unmatched,,n/a,,"Q1 negative (no tool-role messages / connector payload in the export; see extractor inventory.json): every tier below exact-id/exact-body is circumstantial text-based evidence, not a direct attestation of a Connector write. pr_review rows are not filterable by connector routing (Reviews API omits performed_via_github_app) and are excluded from the connector-routed universe count. See analysis/connector-linkage-methodology.md."
72cc84ae53fb88b8,,KSE2026,pr_review,68,4778121194,reconstructed,low,n/a,,"Q1 negative (no tool-role messages / connector payload in the export; see extractor inventory.json): every tier below exact-id/exact-body is circumstantial text-based evidence, not a direct attestation of a Connector write. pr_review rows are not filterable by connector routing (Reviews API omits performed_via_github_app) and are excluded from the connector-routed universe count. See analysis/connector-linkage-methodology.md."
,,KSE2026,pr_review,68,4778744776,unmatched,,n/a,,"Q1 negative (no tool-role messages / connector payload in the export; see extractor inventory.json): every tier below exact-id/exact-body is circumstantial text-based evidence, not a direct attestation of a Connector write. pr_review rows are not filterable by connector routing (Reviews API omits performed_via_github_app) and are excluded from the connector-routed universe count. See analysis/connector-linkage-methodology.md."
,,KSE2026,pr_review,68,4778900310,unmatched,,n/a,,"Q1 negative (no tool-role messages / connector payload in the export; see extractor inventory.json): every tier below exact-id/exact-body is circumstantial text-based evidence, not a direct attestation of a Connector write. pr_review rows are not filterable by connector routing (Reviews API omits performed_via_github_app) and are excluded from the connector-routed universe count. See analysis/connector-linkage-methodology.md."
,,KSE2026,pr_review,68,4778945510,unmatched,,n/a,,"Q1 negative (no tool-role messages / connector payload in the export; see extractor inventory.json): every tier below exact-id/exact-body is circumstantial text-based evidence, not a direct attestation of a Connector write. pr_review rows are not filterable by connector routing (Reviews API omits performed_via_github_app) and are excluded from the connector-routed universe count. See analysis/connector-linkage-methodology.md."
72cc84ae53fb88b8,,KSE2026,pr_review,63,4775911174,reconstructed,low,n/a,,"Q1 negative (no tool-role messages / connector payload in the export; see extractor inventory.json): every tier below exact-id/exact-body is circumstantial text-based evidence, not a direct attestation of a Connector write. pr_review rows are not filterable by connector routing (Reviews API omits performed_via_github_app) and are excluded from the connector-routed universe count. See analysis/connector-linkage-methodology.md."
72cc84ae53fb88b8,,KSE2026,pr_review,63,4775916180,reconstructed,low,n/a,,"Q1 negative (no tool-role messages / connector payload in the export; see extractor inventory.json): every tier below exact-id/exact-body is circumstantial text-based evidence, not a direct attestation of a Connector write. pr_review rows are not filterable by connector routing (Reviews API omits performed_via_github_app) and are excluded from the connector-routed universe count. See analysis/connector-linkage-methodology.md."
,,KSE2026,pr_review,59,4769847170,unmatched,,n/a,,"Q1 negative (no tool-role messages / connector payload in the export; see extractor inventory.json): every tier below exact-id/exact-body is circumstantial text-based evidence, not a direct attestation of a Connector write. pr_review rows are not filterable by connector routing (Reviews API omits performed_via_github_app) and are excluded from the connector-routed universe count. See analysis/connector-linkage-methodology.md."
,,KSE2026,pr_review,59,4769851674,unmatched,,n/a,,"Q1 negative (no tool-role messages / connector payload in the export; see extractor inventory.json): every tier below exact-id/exact-body is circumstantial text-based evidence, not a direct attestation of a Connector write. pr_review rows are not filterable by connector routing (Reviews API omits performed_via_github_app) and are excluded from the connector-routed universe count. See analysis/connector-linkage-methodology.md."
,,KSE2026,pr_review,59,4770025406,unmatched,,n/a,,"Q1 negative (no tool-role messages / connector payload in the export; see extractor inventory.json): every tier below exact-id/exact-body is circumstantial text-based evidence, not a direct attestation of a Connector write. pr_review rows are not filterable by connector routing (Reviews API omits performed_via_github_app) and are excluded from the connector-routed universe count. See analysis/connector-linkage-methodology.md."
,,KSE2026,pr_review,59,4770025471,unmatched,,n/a,,"Q1 negative (no tool-role messages / connector payload in the export; see extractor inventory.json): every tier below exact-id/exact-body is circumstantial text-based evidence, not a direct attestation of a Connector write. pr_review rows are not filterable by connector routing (Reviews API omits performed_via_github_app) and are excluded from the connector-routed universe count. See analysis/connector-linkage-methodology.md."
,,KSE2026,pr_review,59,4770025534,unmatched,,n/a,,"Q1 negative (no tool-role messages / connector payload in the export; see extractor inventory.json): every tier below exact-id/exact-body is circumstantial text-based evidence, not a direct attestation of a Connector write. pr_review rows are not filterable by connector routing (Reviews API omits performed_via_github_app) and are excluded from the connector-routed universe count. See analysis/connector-linkage-methodology.md."
,,KSE2026,pr_review,59,4770047808,unmatched,,n/a,,"Q1 negative (no tool-role messages / connector payload in the export; see extractor inventory.json): every tier below exact-id/exact-body is circumstantial text-based evidence, not a direct attestation of a Connector write. pr_review rows are not filterable by connector routing (Reviews API omits performed_via_github_app) and are excluded from the connector-routed universe count. See analysis/connector-linkage-methodology.md."
,,KSE2026,pr_review,59,4770081219,unmatched,,n/a,,"Q1 negative (no tool-role messages / connector payload in the export; see extractor inventory.json): every tier below exact-id/exact-body is circumstantial text-based evidence, not a direct attestation of a Connector write. pr_review rows are not filterable by connector routing (Reviews API omits performed_via_github_app) and are excluded from the connector-routed universe count. See analysis/connector-linkage-methodology.md."
,,KSE2026,pr_review,59,4774186340,unmatched,,n/a,,"Q1 negative (no tool-role messages / connector payload in the export; see extractor inventory.json): every tier below exact-id/exact-body is circumstantial text-based evidence, not a direct attestation of a Connector write. pr_review rows are not filterable by connector routing (Reviews API omits performed_via_github_app) and are excluded from the connector-routed universe count. See analysis/connector-linkage-methodology.md."
,,KSE2026,pr_review,59,4774186440,unmatched,,n/a,,"Q1 negative (no tool-role messages / connector payload in the export; see extractor inventory.json): every tier below exact-id/exact-body is circumstantial text-based evidence, not a direct attestation of a Connector write. pr_review rows are not filterable by connector routing (Reviews API omits performed_via_github_app) and are excluded from the connector-routed universe count. See analysis/connector-linkage-methodology.md."
,,KSE2026,pr_review,59,4774186514,unmatched,,n/a,,"Q1 negative (no tool-role messages / connector payload in the export; see extractor inventory.json): every tier below exact-id/exact-body is circumstantial text-based evidence, not a direct attestation of a Connector write. pr_review rows are not filterable by connector routing (Reviews API omits performed_via_github_app) and are excluded from the connector-routed universe count. See analysis/connector-linkage-methodology.md."
,,KSE2026,pr_review,59,4774251797,unmatched,,n/a,,"Q1 negative (no tool-role messages / connector payload in the export; see extractor inventory.json): every tier below exact-id/exact-body is circumstantial text-based evidence, not a direct attestation of a Connector write. pr_review rows are not filterable by connector routing (Reviews API omits performed_via_github_app) and are excluded from the connector-routed universe count. See analysis/connector-linkage-methodology.md."
,,KSE2026,pr_review,59,4774260193,unmatched,,n/a,,"Q1 negative (no tool-role messages / connector payload in the export; see extractor inventory.json): every tier below exact-id/exact-body is circumstantial text-based evidence, not a direct attestation of a Connector write. pr_review rows are not filterable by connector routing (Reviews API omits performed_via_github_app) and are excluded from the connector-routed universe count. See analysis/connector-linkage-methodology.md."
,,KSE2026,pr_review,59,4774324471,unmatched,,n/a,,"Q1 negative (no tool-role messages / connector payload in the export; see extractor inventory.json): every tier below exact-id/exact-body is circumstantial text-based evidence, not a direct attestation of a Connector write. pr_review rows are not filterable by connector routing (Reviews API omits performed_via_github_app) and are excluded from the connector-routed universe count. See analysis/connector-linkage-methodology.md."
,,KSE2026,pr_review,59,4774324641,unmatched,,n/a,,"Q1 negative (no tool-role messages / connector payload in the export; see extractor inventory.json): every tier below exact-id/exact-body is circumstantial text-based evidence, not a direct attestation of a Connector write. pr_review rows are not filterable by connector routing (Reviews API omits performed_via_github_app) and are excluded from the connector-routed universe count. See analysis/connector-linkage-methodology.md."
,,KSE2026,pr_review,59,4774353952,unmatched,,n/a,,"Q1 negative (no tool-role messages / connector payload in the export; see extractor inventory.json): every tier below exact-id/exact-body is circumstantial text-based evidence, not a direct attestation of a Connector write. pr_review rows are not filterable by connector routing (Reviews API omits performed_via_github_app) and are excluded from the connector-routed universe count. See analysis/connector-linkage-methodology.md."
,,KSE2026,pr_review,59,4774406380,unmatched,,n/a,,"Q1 negative (no tool-role messages / connector payload in the export; see extractor inventory.json): every tier below exact-id/exact-body is circumstantial text-based evidence, not a direct attestation of a Connector write. pr_review rows are not filterable by connector routing (Reviews API omits performed_via_github_app) and are excluded from the connector-routed universe count. See analysis/connector-linkage-methodology.md."
,,KSE2026,pr_review,59,4774434015,unmatched,,n/a,,"Q1 negative (no tool-role messages / connector payload in the export; see extractor inventory.json): every tier below exact-id/exact-body is circumstantial text-based evidence, not a direct attestation of a Connector write. pr_review rows are not filterable by connector routing (Reviews API omits performed_via_github_app) and are excluded from the connector-routed universe count. See analysis/connector-linkage-methodology.md."
,,KSE2026,pr_review,59,4774462731,unmatched,,n/a,,"Q1 negative (no tool-role messages / connector payload in the export; see extractor inventory.json): every tier below exact-id/exact-body is circumstantial text-based evidence, not a direct attestation of a Connector write. pr_review rows are not filterable by connector routing (Reviews API omits performed_via_github_app) and are excluded from the connector-routed universe count. See analysis/connector-linkage-methodology.md."
,,KSE2026,pr_review,59,4774501605,unmatched,,n/a,,"Q1 negative (no tool-role messages / connector payload in the export; see extractor inventory.json): every tier below exact-id/exact-body is circumstantial text-based evidence, not a direct attestation of a Connector write. pr_review rows are not filterable by connector routing (Reviews API omits performed_via_github_app) and are excluded from the connector-routed universe count. See analysis/connector-linkage-methodology.md."
72cc84ae53fb88b8,2026-07-24T16:25:07+00:00,KSE2026,pr_review,59,4774568926,time-and-context,medium,not-found,,"Q1 negative (no tool-role messages / connector payload in the export; see extractor inventory.json): every tier below exact-id/exact-body is circumstantial text-based evidence, not a direct attestation of a Connector write. pr_review rows are not filterable by connector routing (Reviews API omits performed_via_github_app) and are excluded from the connector-routed universe count. See analysis/connector-linkage-methodology.md."
72cc84ae53fb88b8,2026-07-24T16:25:07+00:00,KSE2026,pr_review,59,4774569028,time-and-context,medium,not-found,,"Q1 negative (no tool-role messages / connector payload in the export; see extractor inventory.json): every tier below exact-id/exact-body is circumstantial text-based evidence, not a direct attestation of a Connector write. pr_review rows are not filterable by connector routing (Reviews API omits performed_via_github_app) and are excluded from the connector-routed universe count. See analysis/connector-linkage-methodology.md."
72cc84ae53fb88b8,2026-07-24T16:25:07+00:00,KSE2026,pr_review,59,4775200029,time-and-context,medium,yes-rejected,spot-check:same ancestor-chain trigger as above,"Q1 negative (no tool-role messages / connector payload in the export; see extractor inventory.json): every tier below exact-id/exact-body is circumstantial text-based evidence, not a direct attestation of a Connector write. pr_review rows are not filterable by connector routing (Reviews API omits performed_via_github_app) and are excluded from the connector-routed universe count. See analysis/connector-linkage-methodology.md."
72cc84ae53fb88b8,2026-07-24T16:25:07+00:00,KSE2026,pr_review,59,4775335214,time-and-context,medium,yes-rejected,spot-check:same ancestor-chain trigger as above,"Q1 negative (no tool-role messages / connector payload in the export; see extractor inventory.json): every tier below exact-id/exact-body is circumstantial text-based evidence, not a direct attestation of a Connector write. pr_review rows are not filterable by connector routing (Reviews API omits performed_via_github_app) and are excluded from the connector-routed universe count. See analysis/connector-linkage-methodology.md."
72cc84ae53fb88b8,,KSE2026,pr_review,59,4775405553,reconstructed,low,n/a,,"Q1 negative (no tool-role messages / connector payload in the export; see extractor inventory.json): every tier below exact-id/exact-body is circumstantial text-based evidence, not a direct attestation of a Connector write. pr_review rows are not filterable by connector routing (Reviews API omits performed_via_github_app) and are excluded from the connector-routed universe count. See analysis/connector-linkage-methodology.md."
72cc84ae53fb88b8,,KSE2026,pr_review,59,4775689428,reconstructed,low,n/a,,"Q1 negative (no tool-role messages / connector payload in the export; see extractor inventory.json): every tier below exact-id/exact-body is circumstantial text-based evidence, not a direct attestation of a Connector write. pr_review rows are not filterable by connector routing (Reviews API omits performed_via_github_app) and are excluded from the connector-routed universe count. See analysis/connector-linkage-methodology.md."
5e0ca0c8e07a37c7,,KSE2026,pr_review,56,4757369253,reconstructed,low,n/a,,"Q1 negative (no tool-role messages / connector payload in the export; see extractor inventory.json): every tier below exact-id/exact-body is circumstantial text-based evidence, not a direct attestation of a Connector write. pr_review rows are not filterable by connector routing (Reviews API omits performed_via_github_app) and are excluded from the connector-routed universe count. See analysis/connector-linkage-methodology.md."
5e0ca0c8e07a37c7,,KSE2026,pr_review,56,4757853553,reconstructed,low,n/a,,"Q1 negative (no tool-role messages / connector payload in the export; see extractor inventory.json): every tier below exact-id/exact-body is circumstantial text-based evidence, not a direct attestation of a Connector write. pr_review rows are not filterable by connector routing (Reviews API omits performed_via_github_app) and are excluded from the connector-routed universe count. See analysis/connector-linkage-methodology.md."
5e0ca0c8e07a37c7,,KSE2026,pr_review,56,4757853834,reconstructed,low,n/a,,"Q1 negative (no tool-role messages / connector payload in the export; see extractor inventory.json): every tier below exact-id/exact-body is circumstantial text-based evidence, not a direct attestation of a Connector write. pr_review rows are not filterable by connector routing (Reviews API omits performed_via_github_app) and are excluded from the connector-routed universe count. See analysis/connector-linkage-methodology.md."
5e0ca0c8e07a37c7,,KSE2026,pr_review,54,4757256200,reconstructed,low,n/a,,"Q1 negative (no tool-role messages / connector payload in the export; see extractor inventory.json): every tier below exact-id/exact-body is circumstantial text-based evidence, not a direct attestation of a Connector write. pr_review rows are not filterable by connector routing (Reviews API omits performed_via_github_app) and are excluded from the connector-routed universe count. See analysis/connector-linkage-methodology.md."
5e0ca0c8e07a37c7,,KSE2026,pr_review,54,4757265442,reconstructed,low,n/a,,"Q1 negative (no tool-role messages / connector payload in the export; see extractor inventory.json): every tier below exact-id/exact-body is circumstantial text-based evidence, not a direct attestation of a Connector write. pr_review rows are not filterable by connector routing (Reviews API omits performed_via_github_app) and are excluded from the connector-routed universe count. See analysis/connector-linkage-methodology.md."
5e0ca0c8e07a37c7,,KSE2026,pr_review,52,4757158050,reconstructed,low,n/a,,"Q1 negative (no tool-role messages / connector payload in the export; see extractor inventory.json): every tier below exact-id/exact-body is circumstantial text-based evidence, not a direct attestation of a Connector write. pr_review rows are not filterable by connector routing (Reviews API omits performed_via_github_app) and are excluded from the connector-routed universe count. See analysis/connector-linkage-methodology.md."
5e0ca0c8e07a37c7,,KSE2026,pr_review,52,4757182496,reconstructed,low,n/a,,"Q1 negative (no tool-role messages / connector payload in the export; see extractor inventory.json): every tier below exact-id/exact-body is circumstantial text-based evidence, not a direct attestation of a Connector write. pr_review rows are not filterable by connector routing (Reviews API omits performed_via_github_app) and are excluded from the connector-routed universe count. See analysis/connector-linkage-methodology.md."
5e0ca0c8e07a37c7,,KSE2026,pr_review,52,4757182850,reconstructed,low,n/a,,"Q1 negative (no tool-role messages / connector payload in the export; see extractor inventory.json): every tier below exact-id/exact-body is circumstantial text-based evidence, not a direct attestation of a Connector write. pr_review rows are not filterable by connector routing (Reviews API omits performed_via_github_app) and are excluded from the connector-routed universe count. See analysis/connector-linkage-methodology.md."
5e0ca0c8e07a37c7,,KSE2026,pr_review,50,4757060138,reconstructed,low,n/a,,"Q1 negative (no tool-role messages / connector payload in the export; see extractor inventory.json): every tier below exact-id/exact-body is circumstantial text-based evidence, not a direct attestation of a Connector write. pr_review rows are not filterable by connector routing (Reviews API omits performed_via_github_app) and are excluded from the connector-routed universe count. See analysis/connector-linkage-methodology.md."
5e0ca0c8e07a37c7,,KSE2026,pr_review,50,4757066960,reconstructed,low,n/a,,"Q1 negative (no tool-role messages / connector payload in the export; see extractor inventory.json): every tier below exact-id/exact-body is circumstantial text-based evidence, not a direct attestation of a Connector write. pr_review rows are not filterable by connector routing (Reviews API omits performed_via_github_app) and are excluded from the connector-routed universe count. See analysis/connector-linkage-methodology.md."
5e0ca0c8e07a37c7,,KSE2026,pr_review,50,4757067150,reconstructed,low,n/a,,"Q1 negative (no tool-role messages / connector payload in the export; see extractor inventory.json): every tier below exact-id/exact-body is circumstantial text-based evidence, not a direct attestation of a Connector write. pr_review rows are not filterable by connector routing (Reviews API omits performed_via_github_app) and are excluded from the connector-routed universe count. See analysis/connector-linkage-methodology.md."
5e0ca0c8e07a37c7,,KSE2026,pr_review,48,4756993107,reconstructed,low,n/a,,"Q1 negative (no tool-role messages / connector payload in the export; see extractor inventory.json): every tier below exact-id/exact-body is circumstantial text-based evidence, not a direct attestation of a Connector write. pr_review rows are not filterable by connector routing (Reviews API omits performed_via_github_app) and are excluded from the connector-routed universe count. See analysis/connector-linkage-methodology.md."
5e0ca0c8e07a37c7,,KSE2026,pr_review,48,4757014493,reconstructed,low,n/a,,"Q1 negative (no tool-role messages / connector payload in the export; see extractor inventory.json): every tier below exact-id/exact-body is circumstantial text-based evidence, not a direct attestation of a Connector write. pr_review rows are not filterable by connector routing (Reviews API omits performed_via_github_app) and are excluded from the connector-routed universe count. See analysis/connector-linkage-methodology.md."
5e0ca0c8e07a37c7,,KSE2026,pr_review,48,4757014752,reconstructed,low,n/a,,"Q1 negative (no tool-role messages / connector payload in the export; see extractor inventory.json): every tier below exact-id/exact-body is circumstantial text-based evidence, not a direct attestation of a Connector write. pr_review rows are not filterable by connector routing (Reviews API omits performed_via_github_app) and are excluded from the connector-routed universe count. See analysis/connector-linkage-methodology.md."
5e0ca0c8e07a37c7,,KSE2026,pr_review,44,4756864414,reconstructed,low,n/a,,"Q1 negative (no tool-role messages / connector payload in the export; see extractor inventory.json): every tier below exact-id/exact-body is circumstantial text-based evidence, not a direct attestation of a Connector write. pr_review rows are not filterable by connector routing (Reviews API omits performed_via_github_app) and are excluded from the connector-routed universe count. See analysis/connector-linkage-methodology.md."
5e0ca0c8e07a37c7,,KSE2026,pr_review,44,4756897921,reconstructed,low,n/a,,"Q1 negative (no tool-role messages / connector payload in the export; see extractor inventory.json): every tier below exact-id/exact-body is circumstantial text-based evidence, not a direct attestation of a Connector write. pr_review rows are not filterable by connector routing (Reviews API omits performed_via_github_app) and are excluded from the connector-routed universe count. See analysis/connector-linkage-methodology.md."
5e0ca0c8e07a37c7,,KSE2026,pr_review,44,4756898100,reconstructed,low,n/a,,"Q1 negative (no tool-role messages / connector payload in the export; see extractor inventory.json): every tier below exact-id/exact-body is circumstantial text-based evidence, not a direct attestation of a Connector write. pr_review rows are not filterable by connector routing (Reviews API omits performed_via_github_app) and are excluded from the connector-routed universe count. See analysis/connector-linkage-methodology.md."
5e0ca0c8e07a37c7,,KSE2026,pr_review,44,4756900019,reconstructed,low,n/a,,"Q1 negative (no tool-role messages / connector payload in the export; see extractor inventory.json): every tier below exact-id/exact-body is circumstantial text-based evidence, not a direct attestation of a Connector write. pr_review rows are not filterable by connector routing (Reviews API omits performed_via_github_app) and are excluded from the connector-routed universe count. See analysis/connector-linkage-methodology.md."
5e0ca0c8e07a37c7,,KSE2026,pr_review,41,4756588398,reconstructed,low,n/a,,"Q1 negative (no tool-role messages / connector payload in the export; see extractor inventory.json): every tier below exact-id/exact-body is circumstantial text-based evidence, not a direct attestation of a Connector write. pr_review rows are not filterable by connector routing (Reviews API omits performed_via_github_app) and are excluded from the connector-routed universe count. See analysis/connector-linkage-methodology.md."
5e0ca0c8e07a37c7,,KSE2026,pr_review,41,4756594286,reconstructed,low,n/a,,"Q1 negative (no tool-role messages / connector payload in the export; see extractor inventory.json): every tier below exact-id/exact-body is circumstantial text-based evidence, not a direct attestation of a Connector write. pr_review rows are not filterable by connector routing (Reviews API omits performed_via_github_app) and are excluded from the connector-routed universe count. See analysis/connector-linkage-methodology.md."
5e0ca0c8e07a37c7,,KSE2026,pr_review,32,4756079125,reconstructed,low,n/a,,"Q1 negative (no tool-role messages / connector payload in the export; see extractor inventory.json): every tier below exact-id/exact-body is circumstantial text-based evidence, not a direct attestation of a Connector write. pr_review rows are not filterable by connector routing (Reviews API omits performed_via_github_app) and are excluded from the connector-routed universe count. See analysis/connector-linkage-methodology.md."
5e0ca0c8e07a37c7,,KSE2026,pr_review,32,4756087621,reconstructed,low,n/a,,"Q1 negative (no tool-role messages / connector payload in the export; see extractor inventory.json): every tier below exact-id/exact-body is circumstantial text-based evidence, not a direct attestation of a Connector write. pr_review rows are not filterable by connector routing (Reviews API omits performed_via_github_app) and are excluded from the connector-routed universe count. See analysis/connector-linkage-methodology.md."
5e0ca0c8e07a37c7,,KSE2026,pr_review,30,4755948921,reconstructed,low,n/a,,"Q1 negative (no tool-role messages / connector payload in the export; see extractor inventory.json): every tier below exact-id/exact-body is circumstantial text-based evidence, not a direct attestation of a Connector write. pr_review rows are not filterable by connector routing (Reviews API omits performed_via_github_app) and are excluded from the connector-routed universe count. See analysis/connector-linkage-methodology.md."
5e0ca0c8e07a37c7,,KSE2026,pr_review,29,4754864851,reconstructed,low,n/a,,"Q1 negative (no tool-role messages / connector payload in the export; see extractor inventory.json): every tier below exact-id/exact-body is circumstantial text-based evidence, not a direct attestation of a Connector write. pr_review rows are not filterable by connector routing (Reviews API omits performed_via_github_app) and are excluded from the connector-routed universe count. See analysis/connector-linkage-methodology.md."
5e0ca0c8e07a37c7,,KSE2026,pr_review,29,4754892467,reconstructed,low,n/a,,"Q1 negative (no tool-role messages / connector payload in the export; see extractor inventory.json): every tier below exact-id/exact-body is circumstantial text-based evidence, not a direct attestation of a Connector write. pr_review rows are not filterable by connector routing (Reviews API omits performed_via_github_app) and are excluded from the connector-routed universe count. See analysis/connector-linkage-methodology.md."
5e0ca0c8e07a37c7,,KSE2026,pr_review,27,4754368592,reconstructed,low,n/a,,"Q1 negative (no tool-role messages / connector payload in the export; see extractor inventory.json): every tier below exact-id/exact-body is circumstantial text-based evidence, not a direct attestation of a Connector write. pr_review rows are not filterable by connector routing (Reviews API omits performed_via_github_app) and are excluded from the connector-routed universe count. See analysis/connector-linkage-methodology.md."
5e0ca0c8e07a37c7,,KSE2026,pr_review,22,4753399189,reconstructed,low,n/a,,"Q1 negative (no tool-role messages / connector payload in the export; see extractor inventory.json): every tier below exact-id/exact-body is circumstantial text-based evidence, not a direct attestation of a Connector write. pr_review rows are not filterable by connector routing (Reviews API omits performed_via_github_app) and are excluded from the connector-routed universe count. See analysis/connector-linkage-methodology.md."
5e0ca0c8e07a37c7,,KSE2026,pr_review,20,4751308767,reconstructed,low,n/a,,"Q1 negative (no tool-role messages / connector payload in the export; see extractor inventory.json): every tier below exact-id/exact-body is circumstantial text-based evidence, not a direct attestation of a Connector write. pr_review rows are not filterable by connector routing (Reviews API omits performed_via_github_app) and are excluded from the connector-routed universe count. See analysis/connector-linkage-methodology.md."
5e0ca0c8e07a37c7,,KSE2026,pr_review,19,4751250162,reconstructed,low,n/a,,"Q1 negative (no tool-role messages / connector payload in the export; see extractor inventory.json): every tier below exact-id/exact-body is circumstantial text-based evidence, not a direct attestation of a Connector write. pr_review rows are not filterable by connector routing (Reviews API omits performed_via_github_app) and are excluded from the connector-routed universe count. See analysis/connector-linkage-methodology.md."
5e0ca0c8e07a37c7,,KSE2026,pr_review,18,4751214855,reconstructed,low,n/a,,"Q1 negative (no tool-role messages / connector payload in the export; see extractor inventory.json): every tier below exact-id/exact-body is circumstantial text-based evidence, not a direct attestation of a Connector write. pr_review rows are not filterable by connector routing (Reviews API omits performed_via_github_app) and are excluded from the connector-routed universe count. See analysis/connector-linkage-methodology.md."
5e0ca0c8e07a37c7,,KSE2026,pr_review,17,4751181576,reconstructed,low,n/a,,"Q1 negative (no tool-role messages / connector payload in the export; see extractor inventory.json): every tier below exact-id/exact-body is circumstantial text-based evidence, not a direct attestation of a Connector write. pr_review rows are not filterable by connector routing (Reviews API omits performed_via_github_app) and are excluded from the connector-routed universe count. See analysis/connector-linkage-methodology.md."
5e0ca0c8e07a37c7,,KSE2026,pr_review,13,4736707751,reconstructed,low,n/a,,"Q1 negative (no tool-role messages / connector payload in the export; see extractor inventory.json): every tier below exact-id/exact-body is circumstantial text-based evidence, not a direct attestation of a Connector write. pr_review rows are not filterable by connector routing (Reviews API omits performed_via_github_app) and are excluded from the connector-routed universe count. See analysis/connector-linkage-methodology.md."
5e0ca0c8e07a37c7,,KSE2026,pr_review,13,4736768137,reconstructed,low,n/a,,"Q1 negative (no tool-role messages / connector payload in the export; see extractor inventory.json): every tier below exact-id/exact-body is circumstantial text-based evidence, not a direct attestation of a Connector write. pr_review rows are not filterable by connector routing (Reviews API omits performed_via_github_app) and are excluded from the connector-routed universe count. See analysis/connector-linkage-methodology.md."
5e0ca0c8e07a37c7,,KSE2026,pr_review,13,4736768404,reconstructed,low,n/a,,"Q1 negative (no tool-role messages / connector payload in the export; see extractor inventory.json): every tier below exact-id/exact-body is circumstantial text-based evidence, not a direct attestation of a Connector write. pr_review rows are not filterable by connector routing (Reviews API omits performed_via_github_app) and are excluded from the connector-routed universe count. See analysis/connector-linkage-methodology.md."
5e0ca0c8e07a37c7,,KSE2026,pr_review,13,4736768581,reconstructed,low,n/a,,"Q1 negative (no tool-role messages / connector payload in the export; see extractor inventory.json): every tier below exact-id/exact-body is circumstantial text-based evidence, not a direct attestation of a Connector write. pr_review rows are not filterable by connector routing (Reviews API omits performed_via_github_app) and are excluded from the connector-routed universe count. See analysis/connector-linkage-methodology.md."
5e0ca0c8e07a37c7,,KSE2026,pr_review,13,4736768764,reconstructed,low,n/a,,"Q1 negative (no tool-role messages / connector payload in the export; see extractor inventory.json): every tier below exact-id/exact-body is circumstantial text-based evidence, not a direct attestation of a Connector write. pr_review rows are not filterable by connector routing (Reviews API omits performed_via_github_app) and are excluded from the connector-routed universe count. See analysis/connector-linkage-methodology.md."
5e0ca0c8e07a37c7,,KSE2026,pr_review,13,4736768948,reconstructed,low,n/a,,"Q1 negative (no tool-role messages / connector payload in the export; see extractor inventory.json): every tier below exact-id/exact-body is circumstantial text-based evidence, not a direct attestation of a Connector write. pr_review rows are not filterable by connector routing (Reviews API omits performed_via_github_app) and are excluded from the connector-routed universe count. See analysis/connector-linkage-methodology.md."
5e0ca0c8e07a37c7,,KSE2026,pr_review,13,4736769094,reconstructed,low,n/a,,"Q1 negative (no tool-role messages / connector payload in the export; see extractor inventory.json): every tier below exact-id/exact-body is circumstantial text-based evidence, not a direct attestation of a Connector write. pr_review rows are not filterable by connector routing (Reviews API omits performed_via_github_app) and are excluded from the connector-routed universe count. See analysis/connector-linkage-methodology.md."
5e0ca0c8e07a37c7,,KSE2026,pr_review,11,4736629879,reconstructed,low,n/a,,"Q1 negative (no tool-role messages / connector payload in the export; see extractor inventory.json): every tier below exact-id/exact-body is circumstantial text-based evidence, not a direct attestation of a Connector write. pr_review rows are not filterable by connector routing (Reviews API omits performed_via_github_app) and are excluded from the connector-routed universe count. See analysis/connector-linkage-methodology.md."
5e0ca0c8e07a37c7,,KSE2026,pr_review,11,4736634893,reconstructed,low,n/a,,"Q1 negative (no tool-role messages / connector payload in the export; see extractor inventory.json): every tier below exact-id/exact-body is circumstantial text-based evidence, not a direct attestation of a Connector write. pr_review rows are not filterable by connector routing (Reviews API omits performed_via_github_app) and are excluded from the connector-routed universe count. See analysis/connector-linkage-methodology.md."
5e0ca0c8e07a37c7,,KSE2026,pr_review,10,4736573113,reconstructed,low,n/a,,"Q1 negative (no tool-role messages / connector payload in the export; see extractor inventory.json): every tier below exact-id/exact-body is circumstantial text-based evidence, not a direct attestation of a Connector write. pr_review rows are not filterable by connector routing (Reviews API omits performed_via_github_app) and are excluded from the connector-routed universe count. See analysis/connector-linkage-methodology.md."
5e0ca0c8e07a37c7,,KSE2026,pr_review,10,4736584116,reconstructed,low,n/a,,"Q1 negative (no tool-role messages / connector payload in the export; see extractor inventory.json): every tier below exact-id/exact-body is circumstantial text-based evidence, not a direct attestation of a Connector write. pr_review rows are not filterable by connector routing (Reviews API omits performed_via_github_app) and are excluded from the connector-routed universe count. See analysis/connector-linkage-methodology.md."
5e0ca0c8e07a37c7,,KSE2026,pr_review,10,4736584267,reconstructed,low,n/a,,"Q1 negative (no tool-role messages / connector payload in the export; see extractor inventory.json): every tier below exact-id/exact-body is circumstantial text-based evidence, not a direct attestation of a Connector write. pr_review rows are not filterable by connector routing (Reviews API omits performed_via_github_app) and are excluded from the connector-routed universe count. See analysis/connector-linkage-methodology.md."
5e0ca0c8e07a37c7,,KSE2026,pr_review,8,4736351352,reconstructed,low,n/a,,"Q1 negative (no tool-role messages / connector payload in the export; see extractor inventory.json): every tier below exact-id/exact-body is circumstantial text-based evidence, not a direct attestation of a Connector write. pr_review rows are not filterable by connector routing (Reviews API omits performed_via_github_app) and are excluded from the connector-routed universe count. See analysis/connector-linkage-methodology.md."
5e0ca0c8e07a37c7,,KSE2026,pr_review,8,4736372362,reconstructed,low,n/a,,"Q1 negative (no tool-role messages / connector payload in the export; see extractor inventory.json): every tier below exact-id/exact-body is circumstantial text-based evidence, not a direct attestation of a Connector write. pr_review rows are not filterable by connector routing (Reviews API omits performed_via_github_app) and are excluded from the connector-routed universe count. See analysis/connector-linkage-methodology.md."
5e0ca0c8e07a37c7,,KSE2026,pr_review,8,4736372572,reconstructed,low,n/a,,"Q1 negative (no tool-role messages / connector payload in the export; see extractor inventory.json): every tier below exact-id/exact-body is circumstantial text-based evidence, not a direct attestation of a Connector write. pr_review rows are not filterable by connector routing (Reviews API omits performed_via_github_app) and are excluded from the connector-routed universe count. See analysis/connector-linkage-methodology.md."
5e0ca0c8e07a37c7,,KSE2026,pr_review,7,4735103632,reconstructed,low,n/a,,"Q1 negative (no tool-role messages / connector payload in the export; see extractor inventory.json): every tier below exact-id/exact-body is circumstantial text-based evidence, not a direct attestation of a Connector write. pr_review rows are not filterable by connector routing (Reviews API omits performed_via_github_app) and are excluded from the connector-routed universe count. See analysis/connector-linkage-methodology.md."
5e0ca0c8e07a37c7,,KSE2026,pr_review,7,4735109898,reconstructed,low,n/a,,"Q1 negative (no tool-role messages / connector payload in the export; see extractor inventory.json): every tier below exact-id/exact-body is circumstantial text-based evidence, not a direct attestation of a Connector write. pr_review rows are not filterable by connector routing (Reviews API omits performed_via_github_app) and are excluded from the connector-routed universe count. See analysis/connector-linkage-methodology.md."
5e0ca0c8e07a37c7,,KSE2026,pr_review,1,4734795305,reconstructed,low,n/a,,"Q1 negative (no tool-role messages / connector payload in the export; see extractor inventory.json): every tier below exact-id/exact-body is circumstantial text-based evidence, not a direct attestation of a Connector write. pr_review rows are not filterable by connector routing (Reviews API omits performed_via_github_app) and are excluded from the connector-routed universe count. See analysis/connector-linkage-methodology.md."
5e0ca0c8e07a37c7,,KSE2026,pr_review,1,4734896473,reconstructed,low,n/a,,"Q1 negative (no tool-role messages / connector payload in the export; see extractor inventory.json): every tier below exact-id/exact-body is circumstantial text-based evidence, not a direct attestation of a Connector write. pr_review rows are not filterable by connector routing (Reviews API omits performed_via_github_app) and are excluded from the connector-routed universe count. See analysis/connector-linkage-methodology.md."
5e0ca0c8e07a37c7,,KSE2026,pr_review,1,4734896662,reconstructed,low,n/a,,"Q1 negative (no tool-role messages / connector payload in the export; see extractor inventory.json): every tier below exact-id/exact-body is circumstantial text-based evidence, not a direct attestation of a Connector write. pr_review rows are not filterable by connector routing (Reviews API omits performed_via_github_app) and are excluded from the connector-routed universe count. See analysis/connector-linkage-methodology.md."
5e0ca0c8e07a37c7,,KSE2026,pr_review,1,4734896816,reconstructed,low,n/a,,"Q1 negative (no tool-role messages / connector payload in the export; see extractor inventory.json): every tier below exact-id/exact-body is circumstantial text-based evidence, not a direct attestation of a Connector write. pr_review rows are not filterable by connector routing (Reviews API omits performed_via_github_app) and are excluded from the connector-routed universe count. See analysis/connector-linkage-methodology.md."
5e0ca0c8e07a37c7,,KSE2026,pr_review,1,4734896980,reconstructed,low,n/a,,"Q1 negative (no tool-role messages / connector payload in the export; see extractor inventory.json): every tier below exact-id/exact-body is circumstantial text-based evidence, not a direct attestation of a Connector write. pr_review rows are not filterable by connector routing (Reviews API omits performed_via_github_app) and are excluded from the connector-routed universe count. See analysis/connector-linkage-methodology.md."
5e0ca0c8e07a37c7,,KSE2026,pr_review,1,4734897212,reconstructed,low,n/a,,"Q1 negative (no tool-role messages / connector payload in the export; see extractor inventory.json): every tier below exact-id/exact-body is circumstantial text-based evidence, not a direct attestation of a Connector write. pr_review rows are not filterable by connector routing (Reviews API omits performed_via_github_app) and are excluded from the connector-routed universe count. See analysis/connector-linkage-methodology.md."
5e0ca0c8e07a37c7,,KSE2026,pr_review,1,4734897383,reconstructed,low,n/a,,"Q1 negative (no tool-role messages / connector payload in the export; see extractor inventory.json): every tier below exact-id/exact-body is circumstantial text-based evidence, not a direct attestation of a Connector write. pr_review rows are not filterable by connector routing (Reviews API omits performed_via_github_app) and are excluded from the connector-routed universe count. See analysis/connector-linkage-methodology.md."
5e0ca0c8e07a37c7,,KSE2026,pr_review,1,4734897569,reconstructed,low,n/a,,"Q1 negative (no tool-role messages / connector payload in the export; see extractor inventory.json): every tier below exact-id/exact-body is circumstantial text-based evidence, not a direct attestation of a Connector write. pr_review rows are not filterable by connector routing (Reviews API omits performed_via_github_app) and are excluded from the connector-routed universe count. See analysis/connector-linkage-methodology.md."
5e0ca0c8e07a37c7,,KSE2026,pr_review,1,4734897738,reconstructed,low,n/a,,"Q1 negative (no tool-role messages / connector payload in the export; see extractor inventory.json): every tier below exact-id/exact-body is circumstantial text-based evidence, not a direct attestation of a Connector write. pr_review rows are not filterable by connector routing (Reviews API omits performed_via_github_app) and are excluded from the connector-routed universe count. See analysis/connector-linkage-methodology.md."
4b01ed27ce9f3b72,,leray-hopf,issue_creation,195,,reconstructed,low,n/a,,"Q1 negative (no tool-role messages / connector payload in the export; see extractor inventory.json): every tier below exact-id/exact-body is circumstantial text-based evidence, not a direct attestation of a Connector write. pr_review rows are not filterable by connector routing (Reviews API omits performed_via_github_app) and are excluded from the connector-routed universe count. See analysis/connector-linkage-methodology.md."
4b01ed27ce9f3b72,,leray-hopf,issue_creation,191,,reconstructed,low,n/a,,"Q1 negative (no tool-role messages / connector payload in the export; see extractor inventory.json): every tier below exact-id/exact-body is circumstantial text-based evidence, not a direct attestation of a Connector write. pr_review rows are not filterable by connector routing (Reviews API omits performed_via_github_app) and are excluded from the connector-routed universe count. See analysis/connector-linkage-methodology.md."
4b01ed27ce9f3b72,,leray-hopf,issue_creation,189,,reconstructed,low,n/a,,"Q1 negative (no tool-role messages / connector payload in the export; see extractor inventory.json): every tier below exact-id/exact-body is circumstantial text-based evidence, not a direct attestation of a Connector write. pr_review rows are not filterable by connector routing (Reviews API omits performed_via_github_app) and are excluded from the connector-routed universe count. See analysis/connector-linkage-methodology.md."
4b01ed27ce9f3b72,,leray-hopf,issue_creation,188,,reconstructed,low,n/a,,"Q1 negative (no tool-role messages / connector payload in the export; see extractor inventory.json): every tier below exact-id/exact-body is circumstantial text-based evidence, not a direct attestation of a Connector write. pr_review rows are not filterable by connector routing (Reviews API omits performed_via_github_app) and are excluded from the connector-routed universe count. See analysis/connector-linkage-methodology.md."
4b01ed27ce9f3b72,,leray-hopf,issue_creation,187,,reconstructed,low,n/a,,"Q1 negative (no tool-role messages / connector payload in the export; see extractor inventory.json): every tier below exact-id/exact-body is circumstantial text-based evidence, not a direct attestation of a Connector write. pr_review rows are not filterable by connector routing (Reviews API omits performed_via_github_app) and are excluded from the connector-routed universe count. See analysis/connector-linkage-methodology.md."
cd2f80a2c1e82ec1,2026-07-20T02:12:22+00:00,leray-hopf,issue_creation,184,,time-and-context,medium,not-found,,"Q1 negative (no tool-role messages / connector payload in the export; see extractor inventory.json): every tier below exact-id/exact-body is circumstantial text-based evidence, not a direct attestation of a Connector write. pr_review rows are not filterable by connector routing (Reviews API omits performed_via_github_app) and are excluded from the connector-routed universe count. See analysis/connector-linkage-methodology.md."
0d23e7a7b6123395,2026-07-19T10:25:48+00:00,leray-hopf,issue_creation,178,,time-and-context,medium,yes-rejected,mentions:2;spot-check:trigger explicitly deferred issue-filing pending a report ('report to me first before creating an issue'),"Q1 negative (no tool-role messages / connector payload in the export; see extractor inventory.json): every tier below exact-id/exact-body is circumstantial text-based evidence, not a direct attestation of a Connector write. pr_review rows are not filterable by connector routing (Reviews API omits performed_via_github_app) and are excluded from the connector-routed universe count. See analysis/connector-linkage-methodology.md."
0d23e7a7b6123395,2026-07-19T09:42:58+00:00,leray-hopf,pr_creation,177,,time-and-context,medium,yes,mentions:3,"Q1 negative (no tool-role messages / connector payload in the export; see extractor inventory.json): every tier below exact-id/exact-body is circumstantial text-based evidence, not a direct attestation of a Connector write. pr_review rows are not filterable by connector routing (Reviews API omits performed_via_github_app) and are excluded from the connector-routed universe count. See analysis/connector-linkage-methodology.md."
0d23e7a7b6123395,2026-07-16T16:22:52+00:00,leray-hopf,issue_creation,158,,time-and-context,medium,yes,alias:lean-pde,"Q1 negative (no tool-role messages / connector payload in the export; see extractor inventory.json): every tier below exact-id/exact-body is circumstantial text-based evidence, not a direct attestation of a Connector write. pr_review rows are not filterable by connector routing (Reviews API omits performed_via_github_app) and are excluded from the connector-routed universe count. See analysis/connector-linkage-methodology.md."
0d23e7a7b6123395,2026-07-16T15:20:50+00:00,leray-hopf,issue_creation,157,,time-and-context,medium,yes,mentions:2;alias:lean-pde,"Q1 negative (no tool-role messages / connector payload in the export; see extractor inventory.json): every tier below exact-id/exact-body is circumstantial text-based evidence, not a direct attestation of a Connector write. pr_review rows are not filterable by connector routing (Reviews API omits performed_via_github_app) and are excluded from the connector-routed universe count. See analysis/connector-linkage-methodology.md."
0d23e7a7b6123395,2026-07-16T15:13:43+00:00,leray-hopf,issue_creation,156,,time-and-context,medium,yes,alias:lean-pde,"Q1 negative (no tool-role messages / connector payload in the export; see extractor inventory.json): every tier below exact-id/exact-body is circumstantial text-based evidence, not a direct attestation of a Connector write. pr_review rows are not filterable by connector routing (Reviews API omits performed_via_github_app) and are excluded from the connector-routed universe count. See analysis/connector-linkage-methodology.md."
0d23e7a7b6123395,2026-07-16T15:13:43+00:00,leray-hopf,issue_creation,155,,time-and-context,medium,yes,alias:lean-pde,"Q1 negative (no tool-role messages / connector payload in the export; see extractor inventory.json): every tier below exact-id/exact-body is circumstantial text-based evidence, not a direct attestation of a Connector write. pr_review rows are not filterable by connector routing (Reviews API omits performed_via_github_app) and are excluded from the connector-routed universe count. See analysis/connector-linkage-methodology.md."
0d23e7a7b6123395,2026-07-16T15:13:43+00:00,leray-hopf,issue_creation,154,,time-and-context,medium,yes,alias:lean-pde,"Q1 negative (no tool-role messages / connector payload in the export; see extractor inventory.json): every tier below exact-id/exact-body is circumstantial text-based evidence, not a direct attestation of a Connector write. pr_review rows are not filterable by connector routing (Reviews API omits performed_via_github_app) and are excluded from the connector-routed universe count. See analysis/connector-linkage-methodology.md."
0d23e7a7b6123395,2026-07-16T15:13:43+00:00,leray-hopf,issue_creation,153,,time-and-context,medium,yes,mentions:2;alias:lean-pde,"Q1 negative (no tool-role messages / connector payload in the export; see extractor inventory.json): every tier below exact-id/exact-body is circumstantial text-based evidence, not a direct attestation of a Connector write. pr_review rows are not filterable by connector routing (Reviews API omits performed_via_github_app) and are excluded from the connector-routed universe count. See analysis/connector-linkage-methodology.md."
0d23e7a7b6123395,2026-07-16T15:13:43+00:00,leray-hopf,issue_creation,152,,time-and-context,medium,yes,alias:lean-pde,"Q1 negative (no tool-role messages / connector payload in the export; see extractor inventory.json): every tier below exact-id/exact-body is circumstantial text-based evidence, not a direct attestation of a Connector write. pr_review rows are not filterable by connector routing (Reviews API omits performed_via_github_app) and are excluded from the connector-routed universe count. See analysis/connector-linkage-methodology.md."
0d23e7a7b6123395,2026-07-16T15:13:43+00:00,leray-hopf,issue_creation,151,,time-and-context,medium,yes,mentions:2;alias:lean-pde,"Q1 negative (no tool-role messages / connector payload in the export; see extractor inventory.json): every tier below exact-id/exact-body is circumstantial text-based evidence, not a direct attestation of a Connector write. pr_review rows are not filterable by connector routing (Reviews API omits performed_via_github_app) and are excluded from the connector-routed universe count. See analysis/connector-linkage-methodology.md."
0d23e7a7b6123395,2026-07-16T15:13:43+00:00,leray-hopf,issue_creation,150,,time-and-context,medium,yes,mentions:2;alias:lean-pde,"Q1 negative (no tool-role messages / connector payload in the export; see extractor inventory.json): every tier below exact-id/exact-body is circumstantial text-based evidence, not a direct attestation of a Connector write. pr_review rows are not filterable by connector routing (Reviews API omits performed_via_github_app) and are excluded from the connector-routed universe count. See analysis/connector-linkage-methodology.md."
0d23e7a7b6123395,2026-07-16T15:13:43+00:00,leray-hopf,issue_creation,149,,time-and-context,medium,yes,mentions:2;alias:lean-pde,"Q1 negative (no tool-role messages / connector payload in the export; see extractor inventory.json): every tier below exact-id/exact-body is circumstantial text-based evidence, not a direct attestation of a Connector write. pr_review rows are not filterable by connector routing (Reviews API omits performed_via_github_app) and are excluded from the connector-routed universe count. See analysis/connector-linkage-methodology.md."
0d23e7a7b6123395,2026-07-16T15:13:43+00:00,leray-hopf,issue_creation,148,,time-and-context,medium,yes,mentions:2;alias:lean-pde,"Q1 negative (no tool-role messages / connector payload in the export; see extractor inventory.json): every tier below exact-id/exact-body is circumstantial text-based evidence, not a direct attestation of a Connector write. pr_review rows are not filterable by connector routing (Reviews API omits performed_via_github_app) and are excluded from the connector-routed universe count. See analysis/connector-linkage-methodology.md."
0d23e7a7b6123395,2026-07-16T15:13:43+00:00,leray-hopf,issue_creation,147,,time-and-context,medium,yes,mentions:2;alias:lean-pde,"Q1 negative (no tool-role messages / connector payload in the export; see extractor inventory.json): every tier below exact-id/exact-body is circumstantial text-based evidence, not a direct attestation of a Connector write. pr_review rows are not filterable by connector routing (Reviews API omits performed_via_github_app) and are excluded from the connector-routed universe count. See analysis/connector-linkage-methodology.md."
0d23e7a7b6123395,2026-07-16T15:13:43+00:00,leray-hopf,issue_creation,146,,time-and-context,medium,yes,mentions:2;alias:lean-pde,"Q1 negative (no tool-role messages / connector payload in the export; see extractor inventory.json): every tier below exact-id/exact-body is circumstantial text-based evidence, not a direct attestation of a Connector write. pr_review rows are not filterable by connector routing (Reviews API omits performed_via_github_app) and are excluded from the connector-routed universe count. See analysis/connector-linkage-methodology.md."
0d23e7a7b6123395,2026-07-16T15:13:43+00:00,leray-hopf,issue_creation,145,,time-and-context,medium,yes,mentions:2;alias:lean-pde,"Q1 negative (no tool-role messages / connector payload in the export; see extractor inventory.json): every tier below exact-id/exact-body is circumstantial text-based evidence, not a direct attestation of a Connector write. pr_review rows are not filterable by connector routing (Reviews API omits performed_via_github_app) and are excluded from the connector-routed universe count. See analysis/connector-linkage-methodology.md."
000bc2393b0373b3,2026-07-07T15:40:38+00:00,leray-hopf,issue_creation,106,,time-and-context,medium,yes,alias:lean-pde,"Q1 negative (no tool-role messages / connector payload in the export; see extractor inventory.json): every tier below exact-id/exact-body is circumstantial text-based evidence, not a direct attestation of a Connector write. pr_review rows are not filterable by connector routing (Reviews API omits performed_via_github_app) and are excluded from the connector-routed universe count. See analysis/connector-linkage-methodology.md."
6fcfe9c0a679da78,2026-07-03T11:21:56+00:00,leray-hopf,issue_creation,82,,time-and-context,medium,yes,alias:lean-pde,"Q1 negative (no tool-role messages / connector payload in the export; see extractor inventory.json): every tier below exact-id/exact-body is circumstantial text-based evidence, not a direct attestation of a Connector write. pr_review rows are not filterable by connector routing (Reviews API omits performed_via_github_app) and are excluded from the connector-routed universe count. See analysis/connector-linkage-methodology.md."
ef07aeb949602518,2026-06-29T11:47:31+00:00,leray-hopf,issue_creation,64,,time-and-context,medium,not-found,alias:lean-pde,"Q1 negative (no tool-role messages / connector payload in the export; see extractor inventory.json): every tier below exact-id/exact-body is circumstantial text-based evidence, not a direct attestation of a Connector write. pr_review rows are not filterable by connector routing (Reviews API omits performed_via_github_app) and are excluded from the connector-routed universe count. See analysis/connector-linkage-methodology.md."
bd10cd31b3a08d72,2026-06-20T11:29:37+00:00,leray-hopf,issue_creation,15,,time-and-context,medium,yes,alias:lean-pde,"Q1 negative (no tool-role messages / connector payload in the export; see extractor inventory.json): every tier below exact-id/exact-body is circumstantial text-based evidence, not a direct attestation of a Connector write. pr_review rows are not filterable by connector routing (Reviews API omits performed_via_github_app) and are excluded from the connector-routed universe count. See analysis/connector-linkage-methodology.md."
bd10cd31b3a08d72,2026-06-20T11:29:37+00:00,leray-hopf,issue_creation,14,,time-and-context,medium,yes,alias:lean-pde,"Q1 negative (no tool-role messages / connector payload in the export; see extractor inventory.json): every tier below exact-id/exact-body is circumstantial text-based evidence, not a direct attestation of a Connector write. pr_review rows are not filterable by connector routing (Reviews API omits performed_via_github_app) and are excluded from the connector-routed universe count. See analysis/connector-linkage-methodology.md."
bd10cd31b3a08d72,2026-06-20T11:29:37+00:00,leray-hopf,issue_creation,13,,time-and-context,medium,yes,alias:lean-pde,"Q1 negative (no tool-role messages / connector payload in the export; see extractor inventory.json): every tier below exact-id/exact-body is circumstantial text-based evidence, not a direct attestation of a Connector write. pr_review rows are not filterable by connector routing (Reviews API omits performed_via_github_app) and are excluded from the connector-routed universe count. See analysis/connector-linkage-methodology.md."
bd10cd31b3a08d72,2026-06-20T11:21:41+00:00,leray-hopf,issue_creation,12,,time-and-context,medium,yes,mentions:2;alias:lean-pde,"Q1 negative (no tool-role messages / connector payload in the export; see extractor inventory.json): every tier below exact-id/exact-body is circumstantial text-based evidence, not a direct attestation of a Connector write. pr_review rows are not filterable by connector routing (Reviews API omits performed_via_github_app) and are excluded from the connector-routed universe count. See analysis/connector-linkage-methodology.md."
bd10cd31b3a08d72,2026-06-20T11:21:41+00:00,leray-hopf,issue_creation,11,,time-and-context,medium,yes,mentions:2;alias:lean-pde,"Q1 negative (no tool-role messages / connector payload in the export; see extractor inventory.json): every tier below exact-id/exact-body is circumstantial text-based evidence, not a direct attestation of a Connector write. pr_review rows are not filterable by connector routing (Reviews API omits performed_via_github_app) and are excluded from the connector-routed universe count. See analysis/connector-linkage-methodology.md."
bd10cd31b3a08d72,2026-06-20T11:21:41+00:00,leray-hopf,issue_creation,10,,time-and-context,medium,yes,mentions:2;alias:lean-pde,"Q1 negative (no tool-role messages / connector payload in the export; see extractor inventory.json): every tier below exact-id/exact-body is circumstantial text-based evidence, not a direct attestation of a Connector write. pr_review rows are not filterable by connector routing (Reviews API omits performed_via_github_app) and are excluded from the connector-routed universe count. See analysis/connector-linkage-methodology.md."
bd10cd31b3a08d72,2026-06-19T14:29:51+00:00,leray-hopf,issue_creation,1,,time-and-context,medium,yes,alias:lean-pde,"Q1 negative (no tool-role messages / connector payload in the export; see extractor inventory.json): every tier below exact-id/exact-body is circumstantial text-based evidence, not a direct attestation of a Connector write. pr_review rows are not filterable by connector routing (Reviews API omits performed_via_github_app) and are excluded from the connector-routed universe count. See analysis/connector-linkage-methodology.md."
bd10cd31b3a08d72,,leray-hopf,issue_comment,9,4757529994,reconstructed,low,n/a,,"Q1 negative (no tool-role messages / connector payload in the export; see extractor inventory.json): every tier below exact-id/exact-body is circumstantial text-based evidence, not a direct attestation of a Connector write. pr_review rows are not filterable by connector routing (Reviews API omits performed_via_github_app) and are excluded from the connector-routed universe count. See analysis/connector-linkage-methodology.md."
bd10cd31b3a08d72,2026-06-20T11:21:41+00:00,leray-hopf,issue_comment,10,4757540364,time-and-context,medium,yes,mentions:2;alias:lean-pde,"Q1 negative (no tool-role messages / connector payload in the export; see extractor inventory.json): every tier below exact-id/exact-body is circumstantial text-based evidence, not a direct attestation of a Connector write. pr_review rows are not filterable by connector routing (Reviews API omits performed_via_github_app) and are excluded from the connector-routed universe count. See analysis/connector-linkage-methodology.md."
bd10cd31b3a08d72,2026-06-20T11:21:41+00:00,leray-hopf,issue_comment,11,4757541771,time-and-context,medium,yes,mentions:2;alias:lean-pde,"Q1 negative (no tool-role messages / connector payload in the export; see extractor inventory.json): every tier below exact-id/exact-body is circumstantial text-based evidence, not a direct attestation of a Connector write. pr_review rows are not filterable by connector routing (Reviews API omits performed_via_github_app) and are excluded from the connector-routed universe count. See analysis/connector-linkage-methodology.md."
bd10cd31b3a08d72,2026-06-20T11:21:41+00:00,leray-hopf,issue_comment,12,4757543385,time-and-context,medium,yes,mentions:2;alias:lean-pde,"Q1 negative (no tool-role messages / connector payload in the export; see extractor inventory.json): every tier below exact-id/exact-body is circumstantial text-based evidence, not a direct attestation of a Connector write. pr_review rows are not filterable by connector routing (Reviews API omits performed_via_github_app) and are excluded from the connector-routed universe count. See analysis/connector-linkage-methodology.md."
bd10cd31b3a08d72,,leray-hopf,issue_comment,9,4757556349,reconstructed,low,n/a,,"Q1 negative (no tool-role messages / connector payload in the export; see extractor inventory.json): every tier below exact-id/exact-body is circumstantial text-based evidence, not a direct attestation of a Connector write. pr_review rows are not filterable by connector routing (Reviews API omits performed_via_github_app) and are excluded from the connector-routed universe count. See analysis/connector-linkage-methodology.md."
bd10cd31b3a08d72,,leray-hopf,issue_comment,10,4757776765,reconstructed,low,n/a,,"Q1 negative (no tool-role messages / connector payload in the export; see extractor inventory.json): every tier below exact-id/exact-body is circumstantial text-based evidence, not a direct attestation of a Connector write. pr_review rows are not filterable by connector routing (Reviews API omits performed_via_github_app) and are excluded from the connector-routed universe count. See analysis/connector-linkage-methodology.md."
2f278e9a7090cb1e,,leray-hopf,issue_comment,31,4761242083,reconstructed,low,n/a,,"Q1 negative (no tool-role messages / connector payload in the export; see extractor inventory.json): every tier below exact-id/exact-body is circumstantial text-based evidence, not a direct attestation of a Connector write. pr_review rows are not filterable by connector routing (Reviews API omits performed_via_github_app) and are excluded from the connector-routed universe count. See analysis/connector-linkage-methodology.md."
2f278e9a7090cb1e,,leray-hopf,issue_comment,21,4761242709,reconstructed,low,n/a,,"Q1 negative (no tool-role messages / connector payload in the export; see extractor inventory.json): every tier below exact-id/exact-body is circumstantial text-based evidence, not a direct attestation of a Connector write. pr_review rows are not filterable by connector routing (Reviews API omits performed_via_github_app) and are excluded from the connector-routed universe count. See analysis/connector-linkage-methodology.md."
2f278e9a7090cb1e,,leray-hopf,issue_comment,13,4761244420,reconstructed,low,n/a,,"Q1 negative (no tool-role messages / connector payload in the export; see extractor inventory.json): every tier below exact-id/exact-body is circumstantial text-based evidence, not a direct attestation of a Connector write. pr_review rows are not filterable by connector routing (Reviews API omits performed_via_github_app) and are excluded from the connector-routed universe count. See analysis/connector-linkage-methodology.md."
2f278e9a7090cb1e,,leray-hopf,issue_comment,11,4761244879,reconstructed,low,n/a,,"Q1 negative (no tool-role messages / connector payload in the export; see extractor inventory.json): every tier below exact-id/exact-body is circumstantial text-based evidence, not a direct attestation of a Connector write. pr_review rows are not filterable by connector routing (Reviews API omits performed_via_github_app) and are excluded from the connector-routed universe count. See analysis/connector-linkage-methodology.md."
2f278e9a7090cb1e,,leray-hopf,issue_comment,10,4761252402,reconstructed,low,n/a,,"Q1 negative (no tool-role messages / connector payload in the export; see extractor inventory.json): every tier below exact-id/exact-body is circumstantial text-based evidence, not a direct attestation of a Connector write. pr_review rows are not filterable by connector routing (Reviews API omits performed_via_github_app) and are excluded from the connector-routed universe count. See analysis/connector-linkage-methodology.md."
2f278e9a7090cb1e,,leray-hopf,issue_comment,10,4761286194,reconstructed,low,n/a,,"Q1 negative (no tool-role messages / connector payload in the export; see extractor inventory.json): every tier below exact-id/exact-body is circumstantial text-based evidence, not a direct attestation of a Connector write. pr_review rows are not filterable by connector routing (Reviews API omits performed_via_github_app) and are excluded from the connector-routed universe count. See analysis/connector-linkage-methodology.md."
2f278e9a7090cb1e,,leray-hopf,issue_comment,15,4761288782,reconstructed,low,n/a,,"Q1 negative (no tool-role messages / connector payload in the export; see extractor inventory.json): every tier below exact-id/exact-body is circumstantial text-based evidence, not a direct attestation of a Connector write. pr_review rows are not filterable by connector routing (Reviews API omits performed_via_github_app) and are excluded from the connector-routed universe count. See analysis/connector-linkage-methodology.md."
2f278e9a7090cb1e,,leray-hopf,issue_comment,22,4761290912,reconstructed,low,n/a,,"Q1 negative (no tool-role messages / connector payload in the export; see extractor inventory.json): every tier below exact-id/exact-body is circumstantial text-based evidence, not a direct attestation of a Connector write. pr_review rows are not filterable by connector routing (Reviews API omits performed_via_github_app) and are excluded from the connector-routed universe count. See analysis/connector-linkage-methodology.md."
2f278e9a7090cb1e,,leray-hopf,issue_comment,22,4761788669,reconstructed,low,n/a,,"Q1 negative (no tool-role messages / connector payload in the export; see extractor inventory.json): every tier below exact-id/exact-body is circumstantial text-based evidence, not a direct attestation of a Connector write. pr_review rows are not filterable by connector routing (Reviews API omits performed_via_github_app) and are excluded from the connector-routed universe count. See analysis/connector-linkage-methodology.md."
ef07aeb949602518,,leray-hopf,issue_comment,64,4839700829,reconstructed,low,n/a,candidates:2,"Q1 negative (no tool-role messages / connector payload in the export; see extractor inventory.json): every tier below exact-id/exact-body is circumstantial text-based evidence, not a direct attestation of a Connector write. pr_review rows are not filterable by connector routing (Reviews API omits performed_via_github_app) and are excluded from the connector-routed universe count. See analysis/connector-linkage-methodology.md."
6fcfe9c0a679da78,,leray-hopf,issue_comment,93,4885081819,reconstructed,low,n/a,,"Q1 negative (no tool-role messages / connector payload in the export; see extractor inventory.json): every tier below exact-id/exact-body is circumstantial text-based evidence, not a direct attestation of a Connector write. pr_review rows are not filterable by connector routing (Reviews API omits performed_via_github_app) and are excluded from the connector-routed universe count. See analysis/connector-linkage-methodology.md."
000bc2393b0373b3,,leray-hopf,issue_comment,107,4905985339,reconstructed,low,n/a,,"Q1 negative (no tool-role messages / connector payload in the export; see extractor inventory.json): every tier below exact-id/exact-body is circumstantial text-based evidence, not a direct attestation of a Connector write. pr_review rows are not filterable by connector routing (Reviews API omits performed_via_github_app) and are excluded from the connector-routed universe count. See analysis/connector-linkage-methodology.md."
000bc2393b0373b3,,leray-hopf,issue_comment,115,4906088377,reconstructed,low,n/a,,"Q1 negative (no tool-role messages / connector payload in the export; see extractor inventory.json): every tier below exact-id/exact-body is circumstantial text-based evidence, not a direct attestation of a Connector write. pr_review rows are not filterable by connector routing (Reviews API omits performed_via_github_app) and are excluded from the connector-routed universe count. See analysis/connector-linkage-methodology.md."
9eb009970f3a40f6,2026-07-17T19:46:15+00:00,leray-hopf,issue_comment,172,5006912438,time-and-context,medium,yes,,"Q1 negative (no tool-role messages / connector payload in the export; see extractor inventory.json): every tier below exact-id/exact-body is circumstantial text-based evidence, not a direct attestation of a Connector write. pr_review rows are not filterable by connector routing (Reviews API omits performed_via_github_app) and are excluded from the connector-routed universe count. See analysis/connector-linkage-methodology.md."
9eb009970f3a40f6,2026-07-17T22:53:19+00:00,leray-hopf,issue_comment,173,5008270742,time-and-context,medium,yes,,"Q1 negative (no tool-role messages / connector payload in the export; see extractor inventory.json): every tier below exact-id/exact-body is circumstantial text-based evidence, not a direct attestation of a Connector write. pr_review rows are not filterable by connector routing (Reviews API omits performed_via_github_app) and are excluded from the connector-routed universe count. See analysis/connector-linkage-methodology.md."
9eb009970f3a40f6,2026-07-18T08:45:48+00:00,leray-hopf,issue_comment,174,5010655260,time-and-context,medium,yes,mentions:2,"Q1 negative (no tool-role messages / connector payload in the export; see extractor inventory.json): every tier below exact-id/exact-body is circumstantial text-based evidence, not a direct attestation of a Connector write. pr_review rows are not filterable by connector routing (Reviews API omits performed_via_github_app) and are excluded from the connector-routed universe count. See analysis/connector-linkage-methodology.md."
9eb009970f3a40f6,2026-07-18T12:52:41+00:00,leray-hopf,issue_comment,176,5011323778,time-and-context,medium,yes,,"Q1 negative (no tool-role messages / connector payload in the export; see extractor inventory.json): every tier below exact-id/exact-body is circumstantial text-based evidence, not a direct attestation of a Connector write. pr_review rows are not filterable by connector routing (Reviews API omits performed_via_github_app) and are excluded from the connector-routed universe count. See analysis/connector-linkage-methodology.md."
9eb009970f3a40f6,2026-07-18T13:52:59+00:00,leray-hopf,issue_comment,174,5011508153,time-and-context,medium,yes,,"Q1 negative (no tool-role messages / connector payload in the export; see extractor inventory.json): every tier below exact-id/exact-body is circumstantial text-based evidence, not a direct attestation of a Connector write. pr_review rows are not filterable by connector routing (Reviews API omits performed_via_github_app) and are excluded from the connector-routed universe count. See analysis/connector-linkage-methodology.md."
9eb009970f3a40f6,2026-07-19T03:25:06+00:00,leray-hopf,issue_comment,175,5013983601,time-and-context,medium,yes,mentions:2,"Q1 negative (no tool-role messages / connector payload in the export; see extractor inventory.json): every tier below exact-id/exact-body is circumstantial text-based evidence, not a direct attestation of a Connector write. pr_review rows are not filterable by connector routing (Reviews API omits performed_via_github_app) and are excluded from the connector-routed universe count. See analysis/connector-linkage-methodology.md."
0d23e7a7b6123395,,leray-hopf,issue_comment,158,5015223829,reconstructed,low,n/a,candidates:2,"Q1 negative (no tool-role messages / connector payload in the export; see extractor inventory.json): every tier below exact-id/exact-body is circumstantial text-based evidence, not a direct attestation of a Connector write. pr_review rows are not filterable by connector routing (Reviews API omits performed_via_github_app) and are excluded from the connector-routed universe count. See analysis/connector-linkage-methodology.md."
0d23e7a7b6123395,,leray-hopf,issue_comment,157,5015244080,reconstructed,low,n/a,candidates:2,"Q1 negative (no tool-role messages / connector payload in the export; see extractor inventory.json): every tier below exact-id/exact-body is circumstantial text-based evidence, not a direct attestation of a Connector write. pr_review rows are not filterable by connector routing (Reviews API omits performed_via_github_app) and are excluded from the connector-routed universe count. See analysis/connector-linkage-methodology.md."
0d23e7a7b6123395,2026-07-19T09:42:58+00:00,leray-hopf,issue_comment,177,5015357151,time-and-context,medium,yes,mentions:3,"Q1 negative (no tool-role messages / connector payload in the export; see extractor inventory.json): every tier below exact-id/exact-body is circumstantial text-based evidence, not a direct attestation of a Connector write. pr_review rows are not filterable by connector routing (Reviews API omits performed_via_github_app) and are excluded from the connector-routed universe count. See analysis/connector-linkage-methodology.md."
9eb009970f3a40f6,2026-07-19T13:57:55+00:00,leray-hopf,issue_comment,181,5015989067,time-and-context,medium,yes,,"Q1 negative (no tool-role messages / connector payload in the export; see extractor inventory.json): every tier below exact-id/exact-body is circumstantial text-based evidence, not a direct attestation of a Connector write. pr_review rows are not filterable by connector routing (Reviews API omits performed_via_github_app) and are excluded from the connector-routed universe count. See analysis/connector-linkage-methodology.md."
cd2f80a2c1e82ec1,2026-07-19T15:47:07+00:00,leray-hopf,issue_comment,155,5016354349,time-and-context,medium,not-found,,"Q1 negative (no tool-role messages / connector payload in the export; see extractor inventory.json): every tier below exact-id/exact-body is circumstantial text-based evidence, not a direct attestation of a Connector write. pr_review rows are not filterable by connector routing (Reviews API omits performed_via_github_app) and are excluded from the connector-routed universe count. See analysis/connector-linkage-methodology.md."
cd2f80a2c1e82ec1,2026-07-19T15:47:07+00:00,leray-hopf,issue_comment,178,5016354399,time-and-context,medium,not-found,,"Q1 negative (no tool-role messages / connector payload in the export; see extractor inventory.json): every tier below exact-id/exact-body is circumstantial text-based evidence, not a direct attestation of a Connector write. pr_review rows are not filterable by connector routing (Reviews API omits performed_via_github_app) and are excluded from the connector-routed universe count. See analysis/connector-linkage-methodology.md."
4b01ed27ce9f3b72,,leray-hopf,issue_comment,158,5019020289,reconstructed,low,n/a,,"Q1 negative (no tool-role messages / connector payload in the export; see extractor inventory.json): every tier below exact-id/exact-body is circumstantial text-based evidence, not a direct attestation of a Connector write. pr_review rows are not filterable by connector routing (Reviews API omits performed_via_github_app) and are excluded from the connector-routed universe count. See analysis/connector-linkage-methodology.md."
4b01ed27ce9f3b72,,leray-hopf,issue_comment,157,5019022926,reconstructed,low,n/a,,"Q1 negative (no tool-role messages / connector payload in the export; see extractor inventory.json): every tier below exact-id/exact-body is circumstantial text-based evidence, not a direct attestation of a Connector write. pr_review rows are not filterable by connector routing (Reviews API omits performed_via_github_app) and are excluded from the connector-routed universe count. See analysis/connector-linkage-methodology.md."
4b01ed27ce9f3b72,,leray-hopf,issue_comment,145,5019027052,reconstructed,low,n/a,,"Q1 negative (no tool-role messages / connector payload in the export; see extractor inventory.json): every tier below exact-id/exact-body is circumstantial text-based evidence, not a direct attestation of a Connector write. pr_review rows are not filterable by connector routing (Reviews API omits performed_via_github_app) and are excluded from the connector-routed universe count. See analysis/connector-linkage-methodology.md."
4b01ed27ce9f3b72,,leray-hopf,issue_comment,190,5019961178,reconstructed,low,n/a,,"Q1 negative (no tool-role messages / connector payload in the export; see extractor inventory.json): every tier below exact-id/exact-body is circumstantial text-based evidence, not a direct attestation of a Connector write. pr_review rows are not filterable by connector routing (Reviews API omits performed_via_github_app) and are excluded from the connector-routed universe count. See analysis/connector-linkage-methodology.md."
4b01ed27ce9f3b72,,leray-hopf,issue_comment,185,5020142473,reconstructed,low,n/a,,"Q1 negative (no tool-role messages / connector payload in the export; see extractor inventory.json): every tier below exact-id/exact-body is circumstantial text-based evidence, not a direct attestation of a Connector write. pr_review rows are not filterable by connector routing (Reviews API omits performed_via_github_app) and are excluded from the connector-routed universe count. See analysis/connector-linkage-methodology.md."
4b01ed27ce9f3b72,,leray-hopf,issue_comment,188,5020358070,reconstructed,low,n/a,,"Q1 negative (no tool-role messages / connector payload in the export; see extractor inventory.json): every tier below exact-id/exact-body is circumstantial text-based evidence, not a direct attestation of a Connector write. pr_review rows are not filterable by connector routing (Reviews API omits performed_via_github_app) and are excluded from the connector-routed universe count. See analysis/connector-linkage-methodology.md."
4b01ed27ce9f3b72,,leray-hopf,pr_review,194,4733441314,reconstructed,low,n/a,,"Q1 negative (no tool-role messages / connector payload in the export; see extractor inventory.json): every tier below exact-id/exact-body is circumstantial text-based evidence, not a direct attestation of a Connector write. pr_review rows are not filterable by connector routing (Reviews API omits performed_via_github_app) and are excluded from the connector-routed universe count. See analysis/connector-linkage-methodology.md."
4b01ed27ce9f3b72,,leray-hopf,pr_review,194,4733451234,reconstructed,low,n/a,,"Q1 negative (no tool-role messages / connector payload in the export; see extractor inventory.json): every tier below exact-id/exact-body is circumstantial text-based evidence, not a direct attestation of a Connector write. pr_review rows are not filterable by connector routing (Reviews API omits performed_via_github_app) and are excluded from the connector-routed universe count. See analysis/connector-linkage-methodology.md."
4b01ed27ce9f3b72,,leray-hopf,pr_review,194,4733538446,reconstructed,low,n/a,,"Q1 negative (no tool-role messages / connector payload in the export; see extractor inventory.json): every tier below exact-id/exact-body is circumstantial text-based evidence, not a direct attestation of a Connector write. pr_review rows are not filterable by connector routing (Reviews API omits performed_via_github_app) and are excluded from the connector-routed universe count. See analysis/connector-linkage-methodology.md."
4b01ed27ce9f3b72,,leray-hopf,pr_review,194,4733596801,reconstructed,low,n/a,,"Q1 negative (no tool-role messages / connector payload in the export; see extractor inventory.json): every tier below exact-id/exact-body is circumstantial text-based evidence, not a direct attestation of a Connector write. pr_review rows are not filterable by connector routing (Reviews API omits performed_via_github_app) and are excluded from the connector-routed universe count. See analysis/connector-linkage-methodology.md."
,,leray-hopf,pr_review,194,4733677080,unmatched,,n/a,,"Q1 negative (no tool-role messages / connector payload in the export; see extractor inventory.json): every tier below exact-id/exact-body is circumstantial text-based evidence, not a direct attestation of a Connector write. pr_review rows are not filterable by connector routing (Reviews API omits performed_via_github_app) and are excluded from the connector-routed universe count. See analysis/connector-linkage-methodology.md."
4b01ed27ce9f3b72,,leray-hopf,pr_review,193,4733153193,reconstructed,low,n/a,,"Q1 negative (no tool-role messages / connector payload in the export; see extractor inventory.json): every tier below exact-id/exact-body is circumstantial text-based evidence, not a direct attestation of a Connector write. pr_review rows are not filterable by connector routing (Reviews API omits performed_via_github_app) and are excluded from the connector-routed universe count. See analysis/connector-linkage-methodology.md."
4b01ed27ce9f3b72,,leray-hopf,pr_review,193,4733200674,reconstructed,low,n/a,,"Q1 negative (no tool-role messages / connector payload in the export; see extractor inventory.json): every tier below exact-id/exact-body is circumstantial text-based evidence, not a direct attestation of a Connector write. pr_review rows are not filterable by connector routing (Reviews API omits performed_via_github_app) and are excluded from the connector-routed universe count. See analysis/connector-linkage-methodology.md."
4b01ed27ce9f3b72,,leray-hopf,pr_review,193,4733200785,reconstructed,low,n/a,,"Q1 negative (no tool-role messages / connector payload in the export; see extractor inventory.json): every tier below exact-id/exact-body is circumstantial text-based evidence, not a direct attestation of a Connector write. pr_review rows are not filterable by connector routing (Reviews API omits performed_via_github_app) and are excluded from the connector-routed universe count. See analysis/connector-linkage-methodology.md."
4b01ed27ce9f3b72,,leray-hopf,pr_review,193,4733200889,reconstructed,low,n/a,,"Q1 negative (no tool-role messages / connector payload in the export; see extractor inventory.json): every tier below exact-id/exact-body is circumstantial text-based evidence, not a direct attestation of a Connector write. pr_review rows are not filterable by connector routing (Reviews API omits performed_via_github_app) and are excluded from the connector-routed universe count. See analysis/connector-linkage-methodology.md."
4b01ed27ce9f3b72,,leray-hopf,pr_review,193,4733201019,reconstructed,low,n/a,,"Q1 negative (no tool-role messages / connector payload in the export; see extractor inventory.json): every tier below exact-id/exact-body is circumstantial text-based evidence, not a direct attestation of a Connector write. pr_review rows are not filterable by connector routing (Reviews API omits performed_via_github_app) and are excluded from the connector-routed universe count. See analysis/connector-linkage-methodology.md."
4b01ed27ce9f3b72,,leray-hopf,pr_review,193,4733201155,reconstructed,low,n/a,,"Q1 negative (no tool-role messages / connector payload in the export; see extractor inventory.json): every tier below exact-id/exact-body is circumstantial text-based evidence, not a direct attestation of a Connector write. pr_review rows are not filterable by connector routing (Reviews API omits performed_via_github_app) and are excluded from the connector-routed universe count. See analysis/connector-linkage-methodology.md."
4b01ed27ce9f3b72,,leray-hopf,pr_review,193,4733220401,reconstructed,low,n/a,,"Q1 negative (no tool-role messages / connector payload in the export; see extractor inventory.json): every tier below exact-id/exact-body is circumstantial text-based evidence, not a direct attestation of a Connector write. pr_review rows are not filterable by connector routing (Reviews API omits performed_via_github_app) and are excluded from the connector-routed universe count. See analysis/connector-linkage-methodology.md."
4b01ed27ce9f3b72,,leray-hopf,pr_review,193,4733241009,reconstructed,low,n/a,,"Q1 negative (no tool-role messages / connector payload in the export; see extractor inventory.json): every tier below exact-id/exact-body is circumstantial text-based evidence, not a direct attestation of a Connector write. pr_review rows are not filterable by connector routing (Reviews API omits performed_via_github_app) and are excluded from the connector-routed universe count. See analysis/connector-linkage-methodology.md."
4b01ed27ce9f3b72,,leray-hopf,pr_review,193,4733303558,reconstructed,low,n/a,,"Q1 negative (no tool-role messages / connector payload in the export; see extractor inventory.json): every tier below exact-id/exact-body is circumstantial text-based evidence, not a direct attestation of a Connector write. pr_review rows are not filterable by connector routing (Reviews API omits performed_via_github_app) and are excluded from the connector-routed universe count. See analysis/connector-linkage-methodology.md."
4b01ed27ce9f3b72,,leray-hopf,pr_review,193,4733308950,reconstructed,low,n/a,,"Q1 negative (no tool-role messages / connector payload in the export; see extractor inventory.json): every tier below exact-id/exact-body is circumstantial text-based evidence, not a direct attestation of a Connector write. pr_review rows are not filterable by connector routing (Reviews API omits performed_via_github_app) and are excluded from the connector-routed universe count. See analysis/connector-linkage-methodology.md."
4b01ed27ce9f3b72,,leray-hopf,pr_review,193,4733318655,reconstructed,low,n/a,,"Q1 negative (no tool-role messages / connector payload in the export; see extractor inventory.json): every tier below exact-id/exact-body is circumstantial text-based evidence, not a direct attestation of a Connector write. pr_review rows are not filterable by connector routing (Reviews API omits performed_via_github_app) and are excluded from the connector-routed universe count. See analysis/connector-linkage-methodology.md."
4b01ed27ce9f3b72,,leray-hopf,pr_review,193,4733318776,reconstructed,low,n/a,,"Q1 negative (no tool-role messages / connector payload in the export; see extractor inventory.json): every tier below exact-id/exact-body is circumstantial text-based evidence, not a direct attestation of a Connector write. pr_review rows are not filterable by connector routing (Reviews API omits performed_via_github_app) and are excluded from the connector-routed universe count. See analysis/connector-linkage-methodology.md."
4b01ed27ce9f3b72,,leray-hopf,pr_review,193,4733318949,reconstructed,low,n/a,,"Q1 negative (no tool-role messages / connector payload in the export; see extractor inventory.json): every tier below exact-id/exact-body is circumstantial text-based evidence, not a direct attestation of a Connector write. pr_review rows are not filterable by connector routing (Reviews API omits performed_via_github_app) and are excluded from the connector-routed universe count. See analysis/connector-linkage-methodology.md."
4b01ed27ce9f3b72,,leray-hopf,pr_review,193,4733329758,reconstructed,low,n/a,,"Q1 negative (no tool-role messages / connector payload in the export; see extractor inventory.json): every tier below exact-id/exact-body is circumstantial text-based evidence, not a direct attestation of a Connector write. pr_review rows are not filterable by connector routing (Reviews API omits performed_via_github_app) and are excluded from the connector-routed universe count. See analysis/connector-linkage-methodology.md."
4b01ed27ce9f3b72,,leray-hopf,pr_review,193,4733354173,reconstructed,low,n/a,,"Q1 negative (no tool-role messages / connector payload in the export; see extractor inventory.json): every tier below exact-id/exact-body is circumstantial text-based evidence, not a direct attestation of a Connector write. pr_review rows are not filterable by connector routing (Reviews API omits performed_via_github_app) and are excluded from the connector-routed universe count. See analysis/connector-linkage-methodology.md."
4b01ed27ce9f3b72,,leray-hopf,pr_review,193,4733359404,reconstructed,low,n/a,,"Q1 negative (no tool-role messages / connector payload in the export; see extractor inventory.json): every tier below exact-id/exact-body is circumstantial text-based evidence, not a direct attestation of a Connector write. pr_review rows are not filterable by connector routing (Reviews API omits performed_via_github_app) and are excluded from the connector-routed universe count. See analysis/connector-linkage-methodology.md."
4b01ed27ce9f3b72,,leray-hopf,pr_review,192,4733095906,reconstructed,low,n/a,,"Q1 negative (no tool-role messages / connector payload in the export; see extractor inventory.json): every tier below exact-id/exact-body is circumstantial text-based evidence, not a direct attestation of a Connector write. pr_review rows are not filterable by connector routing (Reviews API omits performed_via_github_app) and are excluded from the connector-routed universe count. See analysis/connector-linkage-methodology.md."
4b01ed27ce9f3b72,,leray-hopf,pr_review,192,4733110412,reconstructed,low,n/a,,"Q1 negative (no tool-role messages / connector payload in the export; see extractor inventory.json): every tier below exact-id/exact-body is circumstantial text-based evidence, not a direct attestation of a Connector write. pr_review rows are not filterable by connector routing (Reviews API omits performed_via_github_app) and are excluded from the connector-routed universe count. See analysis/connector-linkage-methodology.md."
4b01ed27ce9f3b72,,leray-hopf,pr_review,192,4733132544,reconstructed,low,n/a,,"Q1 negative (no tool-role messages / connector payload in the export; see extractor inventory.json): every tier below exact-id/exact-body is circumstantial text-based evidence, not a direct attestation of a Connector write. pr_review rows are not filterable by connector routing (Reviews API omits performed_via_github_app) and are excluded from the connector-routed universe count. See analysis/connector-linkage-methodology.md."
4b01ed27ce9f3b72,,leray-hopf,pr_review,192,4733132650,reconstructed,low,n/a,,"Q1 negative (no tool-role messages / connector payload in the export; see extractor inventory.json): every tier below exact-id/exact-body is circumstantial text-based evidence, not a direct attestation of a Connector write. pr_review rows are not filterable by connector routing (Reviews API omits performed_via_github_app) and are excluded from the connector-routed universe count. See analysis/connector-linkage-methodology.md."
4b01ed27ce9f3b72,,leray-hopf,pr_review,192,4733146529,reconstructed,low,n/a,,"Q1 negative (no tool-role messages / connector payload in the export; see extractor inventory.json): every tier below exact-id/exact-body is circumstantial text-based evidence, not a direct attestation of a Connector write. pr_review rows are not filterable by connector routing (Reviews API omits performed_via_github_app) and are excluded from the connector-routed universe count. See analysis/connector-linkage-methodology.md."
4b01ed27ce9f3b72,,leray-hopf,pr_review,192,4733176168,reconstructed,low,n/a,,"Q1 negative (no tool-role messages / connector payload in the export; see extractor inventory.json): every tier below exact-id/exact-body is circumstantial text-based evidence, not a direct attestation of a Connector write. pr_review rows are not filterable by connector routing (Reviews API omits performed_via_github_app) and are excluded from the connector-routed universe count. See analysis/connector-linkage-methodology.md."
4b01ed27ce9f3b72,,leray-hopf,pr_review,192,4733186866,reconstructed,low,n/a,,"Q1 negative (no tool-role messages / connector payload in the export; see extractor inventory.json): every tier below exact-id/exact-body is circumstantial text-based evidence, not a direct attestation of a Connector write. pr_review rows are not filterable by connector routing (Reviews API omits performed_via_github_app) and are excluded from the connector-routed universe count. See analysis/connector-linkage-methodology.md."
4b01ed27ce9f3b72,,leray-hopf,pr_review,192,4733187708,reconstructed,low,n/a,,"Q1 negative (no tool-role messages / connector payload in the export; see extractor inventory.json): every tier below exact-id/exact-body is circumstantial text-based evidence, not a direct attestation of a Connector write. pr_review rows are not filterable by connector routing (Reviews API omits performed_via_github_app) and are excluded from the connector-routed universe count. See analysis/connector-linkage-methodology.md."
4b01ed27ce9f3b72,,leray-hopf,pr_review,192,4733210354,reconstructed,low,n/a,,"Q1 negative (no tool-role messages / connector payload in the export; see extractor inventory.json): every tier below exact-id/exact-body is circumstantial text-based evidence, not a direct attestation of a Connector write. pr_review rows are not filterable by connector routing (Reviews API omits performed_via_github_app) and are excluded from the connector-routed universe count. See analysis/connector-linkage-methodology.md."
4b01ed27ce9f3b72,,leray-hopf,pr_review,192,4733233881,reconstructed,low,n/a,,"Q1 negative (no tool-role messages / connector payload in the export; see extractor inventory.json): every tier below exact-id/exact-body is circumstantial text-based evidence, not a direct attestation of a Connector write. pr_review rows are not filterable by connector routing (Reviews API omits performed_via_github_app) and are excluded from the connector-routed universe count. See analysis/connector-linkage-methodology.md."
4b01ed27ce9f3b72,,leray-hopf,pr_review,192,4733234016,reconstructed,low,n/a,,"Q1 negative (no tool-role messages / connector payload in the export; see extractor inventory.json): every tier below exact-id/exact-body is circumstantial text-based evidence, not a direct attestation of a Connector write. pr_review rows are not filterable by connector routing (Reviews API omits performed_via_github_app) and are excluded from the connector-routed universe count. See analysis/connector-linkage-methodology.md."
4b01ed27ce9f3b72,,leray-hopf,pr_review,192,4733234130,reconstructed,low,n/a,,"Q1 negative (no tool-role messages / connector payload in the export; see extractor inventory.json): every tier below exact-id/exact-body is circumstantial text-based evidence, not a direct attestation of a Connector write. pr_review rows are not filterable by connector routing (Reviews API omits performed_via_github_app) and are excluded from the connector-routed universe count. See analysis/connector-linkage-methodology.md."
4b01ed27ce9f3b72,,leray-hopf,pr_review,192,4733239054,reconstructed,low,n/a,,"Q1 negative (no tool-role messages / connector payload in the export; see extractor inventory.json): every tier below exact-id/exact-body is circumstantial text-based evidence, not a direct attestation of a Connector write. pr_review rows are not filterable by connector routing (Reviews API omits performed_via_github_app) and are excluded from the connector-routed universe count. See analysis/connector-linkage-methodology.md."
4b01ed27ce9f3b72,,leray-hopf,pr_review,192,4733251199,reconstructed,low,n/a,,"Q1 negative (no tool-role messages / connector payload in the export; see extractor inventory.json): every tier below exact-id/exact-body is circumstantial text-based evidence, not a direct attestation of a Connector write. pr_review rows are not filterable by connector routing (Reviews API omits performed_via_github_app) and are excluded from the connector-routed universe count. See analysis/connector-linkage-methodology.md."
4b01ed27ce9f3b72,,leray-hopf,pr_review,190,4732952643,reconstructed,low,n/a,,"Q1 negative (no tool-role messages / connector payload in the export; see extractor inventory.json): every tier below exact-id/exact-body is circumstantial text-based evidence, not a direct attestation of a Connector write. pr_review rows are not filterable by connector routing (Reviews API omits performed_via_github_app) and are excluded from the connector-routed universe count. See analysis/connector-linkage-methodology.md."
4b01ed27ce9f3b72,,leray-hopf,pr_review,190,4732958391,reconstructed,low,n/a,,"Q1 negative (no tool-role messages / connector payload in the export; see extractor inventory.json): every tier below exact-id/exact-body is circumstantial text-based evidence, not a direct attestation of a Connector write. pr_review rows are not filterable by connector routing (Reviews API omits performed_via_github_app) and are excluded from the connector-routed universe count. See analysis/connector-linkage-methodology.md."
4b01ed27ce9f3b72,,leray-hopf,pr_review,190,4732976060,reconstructed,low,n/a,,"Q1 negative (no tool-role messages / connector payload in the export; see extractor inventory.json): every tier below exact-id/exact-body is circumstantial text-based evidence, not a direct attestation of a Connector write. pr_review rows are not filterable by connector routing (Reviews API omits performed_via_github_app) and are excluded from the connector-routed universe count. See analysis/connector-linkage-methodology.md."
4b01ed27ce9f3b72,,leray-hopf,pr_review,190,4732976182,reconstructed,low,n/a,,"Q1 negative (no tool-role messages / connector payload in the export; see extractor inventory.json): every tier below exact-id/exact-body is circumstantial text-based evidence, not a direct attestation of a Connector write. pr_review rows are not filterable by connector routing (Reviews API omits performed_via_github_app) and are excluded from the connector-routed universe count. See analysis/connector-linkage-methodology.md."
4b01ed27ce9f3b72,,leray-hopf,pr_review,190,4732976319,reconstructed,low,n/a,,"Q1 negative (no tool-role messages / connector payload in the export; see extractor inventory.json): every tier below exact-id/exact-body is circumstantial text-based evidence, not a direct attestation of a Connector write. pr_review rows are not filterable by connector routing (Reviews API omits performed_via_github_app) and are excluded from the connector-routed universe count. See analysis/connector-linkage-methodology.md."
4b01ed27ce9f3b72,,leray-hopf,pr_review,190,4732976432,reconstructed,low,n/a,,"Q1 negative (no tool-role messages / connector payload in the export; see extractor inventory.json): every tier below exact-id/exact-body is circumstantial text-based evidence, not a direct attestation of a Connector write. pr_review rows are not filterable by connector routing (Reviews API omits performed_via_github_app) and are excluded from the connector-routed universe count. See analysis/connector-linkage-methodology.md."
4b01ed27ce9f3b72,,leray-hopf,pr_review,190,4732976540,reconstructed,low,n/a,,"Q1 negative (no tool-role messages / connector payload in the export; see extractor inventory.json): every tier below exact-id/exact-body is circumstantial text-based evidence, not a direct attestation of a Connector write. pr_review rows are not filterable by connector routing (Reviews API omits performed_via_github_app) and are excluded from the connector-routed universe count. See analysis/connector-linkage-methodology.md."
4b01ed27ce9f3b72,,leray-hopf,pr_review,190,4732995311,reconstructed,low,n/a,,"Q1 negative (no tool-role messages / connector payload in the export; see extractor inventory.json): every tier below exact-id/exact-body is circumstantial text-based evidence, not a direct attestation of a Connector write. pr_review rows are not filterable by connector routing (Reviews API omits performed_via_github_app) and are excluded from the connector-routed universe count. See analysis/connector-linkage-methodology.md."
4b01ed27ce9f3b72,,leray-hopf,pr_review,190,4733052787,reconstructed,low,n/a,,"Q1 negative (no tool-role messages / connector payload in the export; see extractor inventory.json): every tier below exact-id/exact-body is circumstantial text-based evidence, not a direct attestation of a Connector write. pr_review rows are not filterable by connector routing (Reviews API omits performed_via_github_app) and are excluded from the connector-routed universe count. See analysis/connector-linkage-methodology.md."
4b01ed27ce9f3b72,,leray-hopf,pr_review,186,4731976061,reconstructed,low,n/a,,"Q1 negative (no tool-role messages / connector payload in the export; see extractor inventory.json): every tier below exact-id/exact-body is circumstantial text-based evidence, not a direct attestation of a Connector write. pr_review rows are not filterable by connector routing (Reviews API omits performed_via_github_app) and are excluded from the connector-routed universe count. See analysis/connector-linkage-methodology.md."
4b01ed27ce9f3b72,,leray-hopf,pr_review,186,4731976279,reconstructed,low,n/a,,"Q1 negative (no tool-role messages / connector payload in the export; see extractor inventory.json): every tier below exact-id/exact-body is circumstantial text-based evidence, not a direct attestation of a Connector write. pr_review rows are not filterable by connector routing (Reviews API omits performed_via_github_app) and are excluded from the connector-routed universe count. See analysis/connector-linkage-methodology.md."
4b01ed27ce9f3b72,,leray-hopf,pr_review,186,4731997071,reconstructed,low,n/a,,"Q1 negative (no tool-role messages / connector payload in the export; see extractor inventory.json): every tier below exact-id/exact-body is circumstantial text-based evidence, not a direct attestation of a Connector write. pr_review rows are not filterable by connector routing (Reviews API omits performed_via_github_app) and are excluded from the connector-routed universe count. See analysis/connector-linkage-methodology.md."
9eb009970f3a40f6,2026-07-19T12:53:20+00:00,leray-hopf,pr_review,181,4730777451,time-and-context,medium,yes,,"Q1 negative (no tool-role messages / connector payload in the export; see extractor inventory.json): every tier below exact-id/exact-body is circumstantial text-based evidence, not a direct attestation of a Connector write. pr_review rows are not filterable by connector routing (Reviews API omits performed_via_github_app) and are excluded from the connector-routed universe count. See analysis/connector-linkage-methodology.md."
9eb009970f3a40f6,2026-07-19T13:57:55+00:00,leray-hopf,pr_review,181,4730868501,time-and-context,medium,yes,,"Q1 negative (no tool-role messages / connector payload in the export; see extractor inventory.json): every tier below exact-id/exact-body is circumstantial text-based evidence, not a direct attestation of a Connector write. pr_review rows are not filterable by connector routing (Reviews API omits performed_via_github_app) and are excluded from the connector-routed universe count. See analysis/connector-linkage-methodology.md."
9eb009970f3a40f6,2026-07-18T12:52:41+00:00,leray-hopf,pr_review,176,4728535670,time-and-context,medium,yes,,"Q1 negative (no tool-role messages / connector payload in the export; see extractor inventory.json): every tier below exact-id/exact-body is circumstantial text-based evidence, not a direct attestation of a Connector write. pr_review rows are not filterable by connector routing (Reviews API omits performed_via_github_app) and are excluded from the connector-routed universe count. See analysis/connector-linkage-methodology.md."
9eb009970f3a40f6,2026-07-18T12:52:41+00:00,leray-hopf,pr_review,175,4728535642,time-and-context,medium,yes,,"Q1 negative (no tool-role messages / connector payload in the export; see extractor inventory.json): every tier below exact-id/exact-body is circumstantial text-based evidence, not a direct attestation of a Connector write. pr_review rows are not filterable by connector routing (Reviews API omits performed_via_github_app) and are excluded from the connector-routed universe count. See analysis/connector-linkage-methodology.md."
9eb009970f3a40f6,2026-07-19T03:25:06+00:00,leray-hopf,pr_review,175,4729768220,time-and-context,medium,yes,mentions:2,"Q1 negative (no tool-role messages / connector payload in the export; see extractor inventory.json): every tier below exact-id/exact-body is circumstantial text-based evidence, not a direct attestation of a Connector write. pr_review rows are not filterable by connector routing (Reviews API omits performed_via_github_app) and are excluded from the connector-routed universe count. See analysis/connector-linkage-methodology.md."
9eb009970f3a40f6,2026-07-19T03:25:06+00:00,leray-hopf,pr_review,175,4729786055,time-and-context,medium,yes,mentions:2,"Q1 negative (no tool-role messages / connector payload in the export; see extractor inventory.json): every tier below exact-id/exact-body is circumstantial text-based evidence, not a direct attestation of a Connector write. pr_review rows are not filterable by connector routing (Reviews API omits performed_via_github_app) and are excluded from the connector-routed universe count. See analysis/connector-linkage-methodology.md."
9eb009970f3a40f6,2026-07-18T08:45:48+00:00,leray-hopf,pr_review,174,4728166679,time-and-context,medium,yes,mentions:2,"Q1 negative (no tool-role messages / connector payload in the export; see extractor inventory.json): every tier below exact-id/exact-body is circumstantial text-based evidence, not a direct attestation of a Connector write. pr_review rows are not filterable by connector routing (Reviews API omits performed_via_github_app) and are excluded from the connector-routed universe count. See analysis/connector-linkage-methodology.md."
9eb009970f3a40f6,2026-07-18T08:45:48+00:00,leray-hopf,pr_review,174,4728167254,time-and-context,medium,yes,mentions:2,"Q1 negative (no tool-role messages / connector payload in the export; see extractor inventory.json): every tier below exact-id/exact-body is circumstantial text-based evidence, not a direct attestation of a Connector write. pr_review rows are not filterable by connector routing (Reviews API omits performed_via_github_app) and are excluded from the connector-routed universe count. See analysis/connector-linkage-methodology.md."
9eb009970f3a40f6,2026-07-18T08:45:48+00:00,leray-hopf,pr_review,174,4728229351,time-and-context,medium,yes,mentions:2,"Q1 negative (no tool-role messages / connector payload in the export; see extractor inventory.json): every tier below exact-id/exact-body is circumstantial text-based evidence, not a direct attestation of a Connector write. pr_review rows are not filterable by connector routing (Reviews API omits performed_via_github_app) and are excluded from the connector-routed universe count. See analysis/connector-linkage-methodology.md."
9eb009970f3a40f6,2026-07-18T08:45:48+00:00,leray-hopf,pr_review,174,4728229374,time-and-context,medium,yes,mentions:2,"Q1 negative (no tool-role messages / connector payload in the export; see extractor inventory.json): every tier below exact-id/exact-body is circumstantial text-based evidence, not a direct attestation of a Connector write. pr_review rows are not filterable by connector routing (Reviews API omits performed_via_github_app) and are excluded from the connector-routed universe count. See analysis/connector-linkage-methodology.md."
9eb009970f3a40f6,2026-07-18T08:45:48+00:00,leray-hopf,pr_review,174,4728253533,time-and-context,medium,yes,mentions:2,"Q1 negative (no tool-role messages / connector payload in the export; see extractor inventory.json): every tier below exact-id/exact-body is circumstantial text-based evidence, not a direct attestation of a Connector write. pr_review rows are not filterable by connector routing (Reviews API omits performed_via_github_app) and are excluded from the connector-routed universe count. See analysis/connector-linkage-methodology.md."
9eb009970f3a40f6,2026-07-18T12:52:41+00:00,leray-hopf,pr_review,174,4728535624,time-and-context,medium,yes,,"Q1 negative (no tool-role messages / connector payload in the export; see extractor inventory.json): every tier below exact-id/exact-body is circumstantial text-based evidence, not a direct attestation of a Connector write. pr_review rows are not filterable by connector routing (Reviews API omits performed_via_github_app) and are excluded from the connector-routed universe count. See analysis/connector-linkage-methodology.md."
9eb009970f3a40f6,2026-07-18T13:52:59+00:00,leray-hopf,pr_review,174,4728616764,time-and-context,medium,yes,,"Q1 negative (no tool-role messages / connector payload in the export; see extractor inventory.json): every tier below exact-id/exact-body is circumstantial text-based evidence, not a direct attestation of a Connector write. pr_review rows are not filterable by connector routing (Reviews API omits performed_via_github_app) and are excluded from the connector-routed universe count. See analysis/connector-linkage-methodology.md."
9eb009970f3a40f6,2026-07-17T21:50:49+00:00,leray-hopf,pr_review,173,4726335417,time-and-context,medium,yes,,"Q1 negative (no tool-role messages / connector payload in the export; see extractor inventory.json): every tier below exact-id/exact-body is circumstantial text-based evidence, not a direct attestation of a Connector write. pr_review rows are not filterable by connector routing (Reviews API omits performed_via_github_app) and are excluded from the connector-routed universe count. See analysis/connector-linkage-methodology.md."
9eb009970f3a40f6,2026-07-17T22:53:19+00:00,leray-hopf,pr_review,173,4726710938,time-and-context,medium,yes,,"Q1 negative (no tool-role messages / connector payload in the export; see extractor inventory.json): every tier below exact-id/exact-body is circumstantial text-based evidence, not a direct attestation of a Connector write. pr_review rows are not filterable by connector routing (Reviews API omits performed_via_github_app) and are excluded from the connector-routed universe count. See analysis/connector-linkage-methodology.md."
9eb009970f3a40f6,2026-07-17T16:53:38+00:00,leray-hopf,pr_review,172,4724223664,time-and-context,medium,yes,,"Q1 negative (no tool-role messages / connector payload in the export; see extractor inventory.json): every tier below exact-id/exact-body is circumstantial text-based evidence, not a direct attestation of a Connector write. pr_review rows are not filterable by connector routing (Reviews API omits performed_via_github_app) and are excluded from the connector-routed universe count. See analysis/connector-linkage-methodology.md."
9eb009970f3a40f6,2026-07-17T16:53:38+00:00,leray-hopf,pr_review,172,4724563243,time-and-context,medium,yes,,"Q1 negative (no tool-role messages / connector payload in the export; see extractor inventory.json): every tier below exact-id/exact-body is circumstantial text-based evidence, not a direct attestation of a Connector write. pr_review rows are not filterable by connector routing (Reviews API omits performed_via_github_app) and are excluded from the connector-routed universe count. See analysis/connector-linkage-methodology.md."
9eb009970f3a40f6,2026-07-17T16:53:38+00:00,leray-hopf,pr_review,172,4724655578,time-and-context,medium,yes,,"Q1 negative (no tool-role messages / connector payload in the export; see extractor inventory.json): every tier below exact-id/exact-body is circumstantial text-based evidence, not a direct attestation of a Connector write. pr_review rows are not filterable by connector routing (Reviews API omits performed_via_github_app) and are excluded from the connector-routed universe count. See analysis/connector-linkage-methodology.md."
9eb009970f3a40f6,2026-07-17T16:53:38+00:00,leray-hopf,pr_review,172,4724656502,time-and-context,medium,yes,,"Q1 negative (no tool-role messages / connector payload in the export; see extractor inventory.json): every tier below exact-id/exact-body is circumstantial text-based evidence, not a direct attestation of a Connector write. pr_review rows are not filterable by connector routing (Reviews API omits performed_via_github_app) and are excluded from the connector-routed universe count. See analysis/connector-linkage-methodology.md."
9eb009970f3a40f6,2026-07-17T18:23:11+00:00,leray-hopf,pr_review,172,4725119975,time-and-context,medium,yes,,"Q1 negative (no tool-role messages / connector payload in the export; see extractor inventory.json): every tier below exact-id/exact-body is circumstantial text-based evidence, not a direct attestation of a Connector write. pr_review rows are not filterable by connector routing (Reviews API omits performed_via_github_app) and are excluded from the connector-routed universe count. See analysis/connector-linkage-methodology.md."
9eb009970f3a40f6,2026-07-17T18:23:11+00:00,leray-hopf,pr_review,172,4725396158,time-and-context,medium,yes,mentions:2,"Q1 negative (no tool-role messages / connector payload in the export; see extractor inventory.json): every tier below exact-id/exact-body is circumstantial text-based evidence, not a direct attestation of a Connector write. pr_review rows are not filterable by connector routing (Reviews API omits performed_via_github_app) and are excluded from the connector-routed universe count. See analysis/connector-linkage-methodology.md."
9eb009970f3a40f6,2026-07-17T19:46:15+00:00,leray-hopf,pr_review,172,4725637240,time-and-context,medium,yes,,"Q1 negative (no tool-role messages / connector payload in the export; see extractor inventory.json): every tier below exact-id/exact-body is circumstantial text-based evidence, not a direct attestation of a Connector write. pr_review rows are not filterable by connector routing (Reviews API omits performed_via_github_app) and are excluded from the connector-routed universe count. See analysis/connector-linkage-methodology.md."
acf27d63d27a8471,,leray-hopf,pr_review,170,4720229111,reconstructed,low,n/a,candidates:2,"Q1 negative (no tool-role messages / connector payload in the export; see extractor inventory.json): every tier below exact-id/exact-body is circumstantial text-based evidence, not a direct attestation of a Connector write. pr_review rows are not filterable by connector routing (Reviews API omits performed_via_github_app) and are excluded from the connector-routed universe count. See analysis/connector-linkage-methodology.md."
acf27d63d27a8471,,leray-hopf,pr_review,170,4722098345,reconstructed,low,n/a,candidates:2,"Q1 negative (no tool-role messages / connector payload in the export; see extractor inventory.json): every tier below exact-id/exact-body is circumstantial text-based evidence, not a direct attestation of a Connector write. pr_review rows are not filterable by connector routing (Reviews API omits performed_via_github_app) and are excluded from the connector-routed universe count. See analysis/connector-linkage-methodology.md."
acf27d63d27a8471,,leray-hopf,pr_review,170,4722098493,reconstructed,low,n/a,candidates:2,"Q1 negative (no tool-role messages / connector payload in the export; see extractor inventory.json): every tier below exact-id/exact-body is circumstantial text-based evidence, not a direct attestation of a Connector write. pr_review rows are not filterable by connector routing (Reviews API omits performed_via_github_app) and are excluded from the connector-routed universe count. See analysis/connector-linkage-methodology.md."
acf27d63d27a8471,,leray-hopf,pr_review,164,4718649150,reconstructed,low,n/a,candidates:2,"Q1 negative (no tool-role messages / connector payload in the export; see extractor inventory.json): every tier below exact-id/exact-body is circumstantial text-based evidence, not a direct attestation of a Connector write. pr_review rows are not filterable by connector routing (Reviews API omits performed_via_github_app) and are excluded from the connector-routed universe count. See analysis/connector-linkage-methodology.md."
acf27d63d27a8471,,leray-hopf,pr_review,164,4718659547,reconstructed,low,n/a,candidates:2,"Q1 negative (no tool-role messages / connector payload in the export; see extractor inventory.json): every tier below exact-id/exact-body is circumstantial text-based evidence, not a direct attestation of a Connector write. pr_review rows are not filterable by connector routing (Reviews API omits performed_via_github_app) and are excluded from the connector-routed universe count. See analysis/connector-linkage-methodology.md."
0d23e7a7b6123395,2026-07-17T00:42:28+00:00,leray-hopf,pr_review,162,4718550494,exact-id,high,yes,alias:lean-pde,"Q1 negative (no tool-role messages / connector payload in the export; see extractor inventory.json): every tier below exact-id/exact-body is circumstantial text-based evidence, not a direct attestation of a Connector write. pr_review rows are not filterable by connector routing (Reviews API omits performed_via_github_app) and are excluded from the connector-routed universe count. See analysis/connector-linkage-methodology.md."
acf27d63d27a8471,,leray-hopf,pr_review,161,4716282929,reconstructed,low,n/a,candidates:2,"Q1 negative (no tool-role messages / connector payload in the export; see extractor inventory.json): every tier below exact-id/exact-body is circumstantial text-based evidence, not a direct attestation of a Connector write. pr_review rows are not filterable by connector routing (Reviews API omits performed_via_github_app) and are excluded from the connector-routed universe count. See analysis/connector-linkage-methodology.md."
0d23e7a7b6123395,2026-07-17T00:42:28+00:00,leray-hopf,pr_review,161,4718419685,time-and-context,medium,yes,alias:lean-pde,"Q1 negative (no tool-role messages / connector payload in the export; see extractor inventory.json): every tier below exact-id/exact-body is circumstantial text-based evidence, not a direct attestation of a Connector write. pr_review rows are not filterable by connector routing (Reviews API omits performed_via_github_app) and are excluded from the connector-routed universe count. See analysis/connector-linkage-methodology.md."
0d23e7a7b6123395,2026-07-17T00:42:28+00:00,leray-hopf,pr_review,161,4718452741,time-and-context,medium,yes,alias:lean-pde,"Q1 negative (no tool-role messages / connector payload in the export; see extractor inventory.json): every tier below exact-id/exact-body is circumstantial text-based evidence, not a direct attestation of a Connector write. pr_review rows are not filterable by connector routing (Reviews API omits performed_via_github_app) and are excluded from the connector-routed universe count. See analysis/connector-linkage-methodology.md."
0d23e7a7b6123395,2026-07-17T00:42:28+00:00,leray-hopf,pr_review,161,4718550333,exact-id,high,yes,alias:lean-pde,"Q1 negative (no tool-role messages / connector payload in the export; see extractor inventory.json): every tier below exact-id/exact-body is circumstantial text-based evidence, not a direct attestation of a Connector write. pr_review rows are not filterable by connector routing (Reviews API omits performed_via_github_app) and are excluded from the connector-routed universe count. See analysis/connector-linkage-methodology.md."
0d23e7a7b6123395,2026-07-17T00:42:28+00:00,leray-hopf,pr_review,160,4718550281,exact-id,high,yes,alias:lean-pde,"Q1 negative (no tool-role messages / connector payload in the export; see extractor inventory.json): every tier below exact-id/exact-body is circumstantial text-based evidence, not a direct attestation of a Connector write. pr_review rows are not filterable by connector routing (Reviews API omits performed_via_github_app) and are excluded from the connector-routed universe count. See analysis/connector-linkage-methodology.md."
0d23e7a7b6123395,2026-07-17T00:42:28+00:00,leray-hopf,pr_review,159,4718550225,exact-id,high,yes,alias:lean-pde,"Q1 negative (no tool-role messages / connector payload in the export; see extractor inventory.json): every tier below exact-id/exact-body is circumstantial text-based evidence, not a direct attestation of a Connector write. pr_review rows are not filterable by connector routing (Reviews API omits performed_via_github_app) and are excluded from the connector-routed universe count. See analysis/connector-linkage-methodology.md."
acf27d63d27a8471,,leray-hopf,pr_review,139,4677013850,reconstructed,low,n/a,,"Q1 negative (no tool-role messages / connector payload in the export; see extractor inventory.json): every tier below exact-id/exact-body is circumstantial text-based evidence, not a direct attestation of a Connector write. pr_review rows are not filterable by connector routing (Reviews API omits performed_via_github_app) and are excluded from the connector-routed universe count. See analysis/connector-linkage-methodology.md."
acf27d63d27a8471,,leray-hopf,pr_review,139,4677018623,reconstructed,low,n/a,,"Q1 negative (no tool-role messages / connector payload in the export; see extractor inventory.json): every tier below exact-id/exact-body is circumstantial text-based evidence, not a direct attestation of a Connector write. pr_review rows are not filterable by connector routing (Reviews API omits performed_via_github_app) and are excluded from the connector-routed universe count. See analysis/connector-linkage-methodology.md."
acf27d63d27a8471,,leray-hopf,pr_review,137,4676442212,reconstructed,low,n/a,,"Q1 negative (no tool-role messages / connector payload in the export; see extractor inventory.json): every tier below exact-id/exact-body is circumstantial text-based evidence, not a direct attestation of a Connector write. pr_review rows are not filterable by connector routing (Reviews API omits performed_via_github_app) and are excluded from the connector-routed universe count. See analysis/connector-linkage-methodology.md."
acf27d63d27a8471,,leray-hopf,pr_review,136,4676359608,reconstructed,low,n/a,,"Q1 negative (no tool-role messages / connector payload in the export; see extractor inventory.json): every tier below exact-id/exact-body is circumstantial text-based evidence, not a direct attestation of a Connector write. pr_review rows are not filterable by connector routing (Reviews API omits performed_via_github_app) and are excluded from the connector-routed universe count. See analysis/connector-linkage-methodology.md."
acf27d63d27a8471,,leray-hopf,pr_review,127,4669699517,reconstructed,low,n/a,,"Q1 negative (no tool-role messages / connector payload in the export; see extractor inventory.json): every tier below exact-id/exact-body is circumstantial text-based evidence, not a direct attestation of a Connector write. pr_review rows are not filterable by connector routing (Reviews API omits performed_via_github_app) and are excluded from the connector-routed universe count. See analysis/connector-linkage-methodology.md."
acf27d63d27a8471,,leray-hopf,pr_review,127,4669731385,reconstructed,low,n/a,,"Q1 negative (no tool-role messages / connector payload in the export; see extractor inventory.json): every tier below exact-id/exact-body is circumstantial text-based evidence, not a direct attestation of a Connector write. pr_review rows are not filterable by connector routing (Reviews API omits performed_via_github_app) and are excluded from the connector-routed universe count. See analysis/connector-linkage-methodology.md."
acf27d63d27a8471,,leray-hopf,pr_review,124,4668498026,reconstructed,low,n/a,,"Q1 negative (no tool-role messages / connector payload in the export; see extractor inventory.json): every tier below exact-id/exact-body is circumstantial text-based evidence, not a direct attestation of a Connector write. pr_review rows are not filterable by connector routing (Reviews API omits performed_via_github_app) and are excluded from the connector-routed universe count. See analysis/connector-linkage-methodology.md."
acf27d63d27a8471,,leray-hopf,pr_review,124,4668516338,reconstructed,low,n/a,,"Q1 negative (no tool-role messages / connector payload in the export; see extractor inventory.json): every tier below exact-id/exact-body is circumstantial text-based evidence, not a direct attestation of a Connector write. pr_review rows are not filterable by connector routing (Reviews API omits performed_via_github_app) and are excluded from the connector-routed universe count. See analysis/connector-linkage-methodology.md."
acf27d63d27a8471,,leray-hopf,pr_review,119,4665764746,reconstructed,low,n/a,,"Q1 negative (no tool-role messages / connector payload in the export; see extractor inventory.json): every tier below exact-id/exact-body is circumstantial text-based evidence, not a direct attestation of a Connector write. pr_review rows are not filterable by connector routing (Reviews API omits performed_via_github_app) and are excluded from the connector-routed universe count. See analysis/connector-linkage-methodology.md."
acf27d63d27a8471,,leray-hopf,pr_review,119,4665790928,reconstructed,low,n/a,,"Q1 negative (no tool-role messages / connector payload in the export; see extractor inventory.json): every tier below exact-id/exact-body is circumstantial text-based evidence, not a direct attestation of a Connector write. pr_review rows are not filterable by connector routing (Reviews API omits performed_via_github_app) and are excluded from the connector-routed universe count. See analysis/connector-linkage-methodology.md."
acf27d63d27a8471,,leray-hopf,pr_review,119,4665791121,reconstructed,low,n/a,,"Q1 negative (no tool-role messages / connector payload in the export; see extractor inventory.json): every tier below exact-id/exact-body is circumstantial text-based evidence, not a direct attestation of a Connector write. pr_review rows are not filterable by connector routing (Reviews API omits performed_via_github_app) and are excluded from the connector-routed universe count. See analysis/connector-linkage-methodology.md."
acf27d63d27a8471,,leray-hopf,pr_review,119,4665791284,reconstructed,low,n/a,,"Q1 negative (no tool-role messages / connector payload in the export; see extractor inventory.json): every tier below exact-id/exact-body is circumstantial text-based evidence, not a direct attestation of a Connector write. pr_review rows are not filterable by connector routing (Reviews API omits performed_via_github_app) and are excluded from the connector-routed universe count. See analysis/connector-linkage-methodology.md."
,,leray-hopf,pr_review,117,4662891233,unmatched,,n/a,,"Q1 negative (no tool-role messages / connector payload in the export; see extractor inventory.json): every tier below exact-id/exact-body is circumstantial text-based evidence, not a direct attestation of a Connector write. pr_review rows are not filterable by connector routing (Reviews API omits performed_via_github_app) and are excluded from the connector-routed universe count. See analysis/connector-linkage-methodology.md."
,,leray-hopf,pr_review,117,4662901323,unmatched,,n/a,,"Q1 negative (no tool-role messages / connector payload in the export; see extractor inventory.json): every tier below exact-id/exact-body is circumstantial text-based evidence, not a direct attestation of a Connector write. pr_review rows are not filterable by connector routing (Reviews API omits performed_via_github_app) and are excluded from the connector-routed universe count. See analysis/connector-linkage-methodology.md."
,,leray-hopf,pr_review,117,4662936677,unmatched,,n/a,,"Q1 negative (no tool-role messages / connector payload in the export; see extractor inventory.json): every tier below exact-id/exact-body is circumstantial text-based evidence, not a direct attestation of a Connector write. pr_review rows are not filterable by connector routing (Reviews API omits performed_via_github_app) and are excluded from the connector-routed universe count. See analysis/connector-linkage-methodology.md."
,,leray-hopf,pr_review,116,4662545136,unmatched,,n/a,,"Q1 negative (no tool-role messages / connector payload in the export; see extractor inventory.json): every tier below exact-id/exact-body is circumstantial text-based evidence, not a direct attestation of a Connector write. pr_review rows are not filterable by connector routing (Reviews API omits performed_via_github_app) and are excluded from the connector-routed universe count. See analysis/connector-linkage-methodology.md."
,,leray-hopf,pr_review,116,4662637148,unmatched,,n/a,,"Q1 negative (no tool-role messages / connector payload in the export; see extractor inventory.json): every tier below exact-id/exact-body is circumstantial text-based evidence, not a direct attestation of a Connector write. pr_review rows are not filterable by connector routing (Reviews API omits performed_via_github_app) and are excluded from the connector-routed universe count. See analysis/connector-linkage-methodology.md."
000bc2393b0373b3,,leray-hopf,pr_review,107,4646884521,reconstructed,low,n/a,,"Q1 negative (no tool-role messages / connector payload in the export; see extractor inventory.json): every tier below exact-id/exact-body is circumstantial text-based evidence, not a direct attestation of a Connector write. pr_review rows are not filterable by connector routing (Reviews API omits performed_via_github_app) and are excluded from the connector-routed universe count. See analysis/connector-linkage-methodology.md."
,,leray-hopf,pr_review,101,4631107214,unmatched,,n/a,,"Q1 negative (no tool-role messages / connector payload in the export; see extractor inventory.json): every tier below exact-id/exact-body is circumstantial text-based evidence, not a direct attestation of a Connector write. pr_review rows are not filterable by connector routing (Reviews API omits performed_via_github_app) and are excluded from the connector-routed universe count. See analysis/connector-linkage-methodology.md."
,,leray-hopf,pr_review,101,4631124811,unmatched,,n/a,,"Q1 negative (no tool-role messages / connector payload in the export; see extractor inventory.json): every tier below exact-id/exact-body is circumstantial text-based evidence, not a direct attestation of a Connector write. pr_review rows are not filterable by connector routing (Reviews API omits performed_via_github_app) and are excluded from the connector-routed universe count. See analysis/connector-linkage-methodology.md."
,,leray-hopf,pr_review,101,4631124964,unmatched,,n/a,,"Q1 negative (no tool-role messages / connector payload in the export; see extractor inventory.json): every tier below exact-id/exact-body is circumstantial text-based evidence, not a direct attestation of a Connector write. pr_review rows are not filterable by connector routing (Reviews API omits performed_via_github_app) and are excluded from the connector-routed universe count. See analysis/connector-linkage-methodology.md."
,,leray-hopf,pr_review,101,4631125159,unmatched,,n/a,,"Q1 negative (no tool-role messages / connector payload in the export; see extractor inventory.json): every tier below exact-id/exact-body is circumstantial text-based evidence, not a direct attestation of a Connector write. pr_review rows are not filterable by connector routing (Reviews API omits performed_via_github_app) and are excluded from the connector-routed universe count. See analysis/connector-linkage-methodology.md."
,,leray-hopf,pr_review,100,4630994406,unmatched,,n/a,,"Q1 negative (no tool-role messages / connector payload in the export; see extractor inventory.json): every tier below exact-id/exact-body is circumstantial text-based evidence, not a direct attestation of a Connector write. pr_review rows are not filterable by connector routing (Reviews API omits performed_via_github_app) and are excluded from the connector-routed universe count. See analysis/connector-linkage-methodology.md."
,,leray-hopf,pr_review,100,4630997658,unmatched,,n/a,,"Q1 negative (no tool-role messages / connector payload in the export; see extractor inventory.json): every tier below exact-id/exact-body is circumstantial text-based evidence, not a direct attestation of a Connector write. pr_review rows are not filterable by connector routing (Reviews API omits performed_via_github_app) and are excluded from the connector-routed universe count. See analysis/connector-linkage-methodology.md."
6fcfe9c0a679da78,,leray-hopf,pr_review,99,4630810944,reconstructed,low,n/a,,"Q1 negative (no tool-role messages / connector payload in the export; see extractor inventory.json): every tier below exact-id/exact-body is circumstantial text-based evidence, not a direct attestation of a Connector write. pr_review rows are not filterable by connector routing (Reviews API omits performed_via_github_app) and are excluded from the connector-routed universe count. See analysis/connector-linkage-methodology.md."
6fcfe9c0a679da78,,leray-hopf,pr_review,99,4630824785,reconstructed,low,n/a,,"Q1 negative (no tool-role messages / connector payload in the export; see extractor inventory.json): every tier below exact-id/exact-body is circumstantial text-based evidence, not a direct attestation of a Connector write. pr_review rows are not filterable by connector routing (Reviews API omits performed_via_github_app) and are excluded from the connector-routed universe count. See analysis/connector-linkage-methodology.md."
6fcfe9c0a679da78,,leray-hopf,pr_review,97,4630534784,reconstructed,low,n/a,,"Q1 negative (no tool-role messages / connector payload in the export; see extractor inventory.json): every tier below exact-id/exact-body is circumstantial text-based evidence, not a direct attestation of a Connector write. pr_review rows are not filterable by connector routing (Reviews API omits performed_via_github_app) and are excluded from the connector-routed universe count. See analysis/connector-linkage-methodology.md."
6fcfe9c0a679da78,,leray-hopf,pr_review,97,4630552269,reconstructed,low,n/a,,"Q1 negative (no tool-role messages / connector payload in the export; see extractor inventory.json): every tier below exact-id/exact-body is circumstantial text-based evidence, not a direct attestation of a Connector write. pr_review rows are not filterable by connector routing (Reviews API omits performed_via_github_app) and are excluded from the connector-routed universe count. See analysis/connector-linkage-methodology.md."
6fcfe9c0a679da78,,leray-hopf,pr_review,89,4628827407,reconstructed,low,n/a,,"Q1 negative (no tool-role messages / connector payload in the export; see extractor inventory.json): every tier below exact-id/exact-body is circumstantial text-based evidence, not a direct attestation of a Connector write. pr_review rows are not filterable by connector routing (Reviews API omits performed_via_github_app) and are excluded from the connector-routed universe count. See analysis/connector-linkage-methodology.md."
6fcfe9c0a679da78,,leray-hopf,pr_review,89,4628848865,reconstructed,low,n/a,,"Q1 negative (no tool-role messages / connector payload in the export; see extractor inventory.json): every tier below exact-id/exact-body is circumstantial text-based evidence, not a direct attestation of a Connector write. pr_review rows are not filterable by connector routing (Reviews API omits performed_via_github_app) and are excluded from the connector-routed universe count. See analysis/connector-linkage-methodology.md."
6fcfe9c0a679da78,,leray-hopf,pr_review,88,4628681707,reconstructed,low,n/a,,"Q1 negative (no tool-role messages / connector payload in the export; see extractor inventory.json): every tier below exact-id/exact-body is circumstantial text-based evidence, not a direct attestation of a Connector write. pr_review rows are not filterable by connector routing (Reviews API omits performed_via_github_app) and are excluded from the connector-routed universe count. See analysis/connector-linkage-methodology.md."
6fcfe9c0a679da78,,leray-hopf,pr_review,88,4628688381,reconstructed,low,n/a,,"Q1 negative (no tool-role messages / connector payload in the export; see extractor inventory.json): every tier below exact-id/exact-body is circumstantial text-based evidence, not a direct attestation of a Connector write. pr_review rows are not filterable by connector routing (Reviews API omits performed_via_github_app) and are excluded from the connector-routed universe count. See analysis/connector-linkage-methodology.md."
6fcfe9c0a679da78,,leray-hopf,pr_review,80,4625288075,reconstructed,low,n/a,,"Q1 negative (no tool-role messages / connector payload in the export; see extractor inventory.json): every tier below exact-id/exact-body is circumstantial text-based evidence, not a direct attestation of a Connector write. pr_review rows are not filterable by connector routing (Reviews API omits performed_via_github_app) and are excluded from the connector-routed universe count. See analysis/connector-linkage-methodology.md."
6fcfe9c0a679da78,,leray-hopf,pr_review,80,4625328246,reconstructed,low,n/a,,"Q1 negative (no tool-role messages / connector payload in the export; see extractor inventory.json): every tier below exact-id/exact-body is circumstantial text-based evidence, not a direct attestation of a Connector write. pr_review rows are not filterable by connector routing (Reviews API omits performed_via_github_app) and are excluded from the connector-routed universe count. See analysis/connector-linkage-methodology.md."
6fcfe9c0a679da78,,leray-hopf,pr_review,77,4622106154,reconstructed,low,n/a,,"Q1 negative (no tool-role messages / connector payload in the export; see extractor inventory.json): every tier below exact-id/exact-body is circumstantial text-based evidence, not a direct attestation of a Connector write. pr_review rows are not filterable by connector routing (Reviews API omits performed_via_github_app) and are excluded from the connector-routed universe count. See analysis/connector-linkage-methodology.md."
6fcfe9c0a679da78,,leray-hopf,pr_review,76,4620273278,reconstructed,low,n/a,,"Q1 negative (no tool-role messages / connector payload in the export; see extractor inventory.json): every tier below exact-id/exact-body is circumstantial text-based evidence, not a direct attestation of a Connector write. pr_review rows are not filterable by connector routing (Reviews API omits performed_via_github_app) and are excluded from the connector-routed universe count. See analysis/connector-linkage-methodology.md."
6fcfe9c0a679da78,,leray-hopf,pr_review,72,4613857002,reconstructed,low,n/a,,"Q1 negative (no tool-role messages / connector payload in the export; see extractor inventory.json): every tier below exact-id/exact-body is circumstantial text-based evidence, not a direct attestation of a Connector write. pr_review rows are not filterable by connector routing (Reviews API omits performed_via_github_app) and are excluded from the connector-routed universe count. See analysis/connector-linkage-methodology.md."
6fcfe9c0a679da78,,leray-hopf,pr_review,70,4610158772,reconstructed,low,n/a,,"Q1 negative (no tool-role messages / connector payload in the export; see extractor inventory.json): every tier below exact-id/exact-body is circumstantial text-based evidence, not a direct attestation of a Connector write. pr_review rows are not filterable by connector routing (Reviews API omits performed_via_github_app) and are excluded from the connector-routed universe count. See analysis/connector-linkage-methodology.md."
6fcfe9c0a679da78,,leray-hopf,pr_review,69,4606349717,reconstructed,low,n/a,,"Q1 negative (no tool-role messages / connector payload in the export; see extractor inventory.json): every tier below exact-id/exact-body is circumstantial text-based evidence, not a direct attestation of a Connector write. pr_review rows are not filterable by connector routing (Reviews API omits performed_via_github_app) and are excluded from the connector-routed universe count. See analysis/connector-linkage-methodology.md."
6fcfe9c0a679da78,,leray-hopf,pr_review,69,4608514208,reconstructed,low,n/a,,"Q1 negative (no tool-role messages / connector payload in the export; see extractor inventory.json): every tier below exact-id/exact-body is circumstantial text-based evidence, not a direct attestation of a Connector write. pr_review rows are not filterable by connector routing (Reviews API omits performed_via_github_app) and are excluded from the connector-routed universe count. See analysis/connector-linkage-methodology.md."
ef07aeb949602518,,leray-hopf,pr_review,63,4587052317,reconstructed,low,n/a,candidates:2,"Q1 negative (no tool-role messages / connector payload in the export; see extractor inventory.json): every tier below exact-id/exact-body is circumstantial text-based evidence, not a direct attestation of a Connector write. pr_review rows are not filterable by connector routing (Reviews API omits performed_via_github_app) and are excluded from the connector-routed universe count. See analysis/connector-linkage-methodology.md."
ef07aeb949602518,,leray-hopf,pr_review,63,4587124189,reconstructed,low,n/a,candidates:2,"Q1 negative (no tool-role messages / connector payload in the export; see extractor inventory.json): every tier below exact-id/exact-body is circumstantial text-based evidence, not a direct attestation of a Connector write. pr_review rows are not filterable by connector routing (Reviews API omits performed_via_github_app) and are excluded from the connector-routed universe count. See analysis/connector-linkage-methodology.md."
ef07aeb949602518,,leray-hopf,pr_review,63,4587238046,reconstructed,low,n/a,candidates:2,"Q1 negative (no tool-role messages / connector payload in the export; see extractor inventory.json): every tier below exact-id/exact-body is circumstantial text-based evidence, not a direct attestation of a Connector write. pr_review rows are not filterable by connector routing (Reviews API omits performed_via_github_app) and are excluded from the connector-routed universe count. See analysis/connector-linkage-methodology.md."
ef07aeb949602518,,leray-hopf,pr_review,63,4587657950,reconstructed,low,n/a,candidates:2,"Q1 negative (no tool-role messages / connector payload in the export; see extractor inventory.json): every tier below exact-id/exact-body is circumstantial text-based evidence, not a direct attestation of a Connector write. pr_review rows are not filterable by connector routing (Reviews API omits performed_via_github_app) and are excluded from the connector-routed universe count. See analysis/connector-linkage-methodology.md."
ef07aeb949602518,,leray-hopf,pr_review,63,4591164716,reconstructed,low,n/a,candidates:2,"Q1 negative (no tool-role messages / connector payload in the export; see extractor inventory.json): every tier below exact-id/exact-body is circumstantial text-based evidence, not a direct attestation of a Connector write. pr_review rows are not filterable by connector routing (Reviews API omits performed_via_github_app) and are excluded from the connector-routed universe count. See analysis/connector-linkage-methodology.md."
ef07aeb949602518,,leray-hopf,pr_review,60,4581305281,reconstructed,low,n/a,candidates:2,"Q1 negative (no tool-role messages / connector payload in the export; see extractor inventory.json): every tier below exact-id/exact-body is circumstantial text-based evidence, not a direct attestation of a Connector write. pr_review rows are not filterable by connector routing (Reviews API omits performed_via_github_app) and are excluded from the connector-routed universe count. See analysis/connector-linkage-methodology.md."
ef07aeb949602518,,leray-hopf,pr_review,60,4581330509,reconstructed,low,n/a,candidates:2,"Q1 negative (no tool-role messages / connector payload in the export; see extractor inventory.json): every tier below exact-id/exact-body is circumstantial text-based evidence, not a direct attestation of a Connector write. pr_review rows are not filterable by connector routing (Reviews API omits performed_via_github_app) and are excluded from the connector-routed universe count. See analysis/connector-linkage-methodology.md."
ef07aeb949602518,,leray-hopf,pr_review,60,4582010871,reconstructed,low,n/a,candidates:2,"Q1 negative (no tool-role messages / connector payload in the export; see extractor inventory.json): every tier below exact-id/exact-body is circumstantial text-based evidence, not a direct attestation of a Connector write. pr_review rows are not filterable by connector routing (Reviews API omits performed_via_github_app) and are excluded from the connector-routed universe count. See analysis/connector-linkage-methodology.md."
ef07aeb949602518,,leray-hopf,pr_review,60,4585311506,reconstructed,low,n/a,candidates:2,"Q1 negative (no tool-role messages / connector payload in the export; see extractor inventory.json): every tier below exact-id/exact-body is circumstantial text-based evidence, not a direct attestation of a Connector write. pr_review rows are not filterable by connector routing (Reviews API omits performed_via_github_app) and are excluded from the connector-routed universe count. See analysis/connector-linkage-methodology.md."
ef07aeb949602518,,leray-hopf,pr_review,59,4580448324,reconstructed,low,n/a,candidates:2,"Q1 negative (no tool-role messages / connector payload in the export; see extractor inventory.json): every tier below exact-id/exact-body is circumstantial text-based evidence, not a direct attestation of a Connector write. pr_review rows are not filterable by connector routing (Reviews API omits performed_via_github_app) and are excluded from the connector-routed universe count. See analysis/connector-linkage-methodology.md."
ef07aeb949602518,,leray-hopf,pr_review,59,4580556198,reconstructed,low,n/a,candidates:2,"Q1 negative (no tool-role messages / connector payload in the export; see extractor inventory.json): every tier below exact-id/exact-body is circumstantial text-based evidence, not a direct attestation of a Connector write. pr_review rows are not filterable by connector routing (Reviews API omits performed_via_github_app) and are excluded from the connector-routed universe count. See analysis/connector-linkage-methodology.md."
ef07aeb949602518,,leray-hopf,pr_review,59,4580582808,reconstructed,low,n/a,candidates:2,"Q1 negative (no tool-role messages / connector payload in the export; see extractor inventory.json): every tier below exact-id/exact-body is circumstantial text-based evidence, not a direct attestation of a Connector write. pr_review rows are not filterable by connector routing (Reviews API omits performed_via_github_app) and are excluded from the connector-routed universe count. See analysis/connector-linkage-methodology.md."
ef07aeb949602518,,leray-hopf,pr_review,59,4580583061,reconstructed,low,n/a,candidates:2,"Q1 negative (no tool-role messages / connector payload in the export; see extractor inventory.json): every tier below exact-id/exact-body is circumstantial text-based evidence, not a direct attestation of a Connector write. pr_review rows are not filterable by connector routing (Reviews API omits performed_via_github_app) and are excluded from the connector-routed universe count. See analysis/connector-linkage-methodology.md."
ef07aeb949602518,,leray-hopf,pr_review,58,4577499653,reconstructed,low,n/a,candidates:2,"Q1 negative (no tool-role messages / connector payload in the export; see extractor inventory.json): every tier below exact-id/exact-body is circumstantial text-based evidence, not a direct attestation of a Connector write. pr_review rows are not filterable by connector routing (Reviews API omits performed_via_github_app) and are excluded from the connector-routed universe count. See analysis/connector-linkage-methodology.md."
ef07aeb949602518,,leray-hopf,pr_review,55,4572499906,reconstructed,low,n/a,,"Q1 negative (no tool-role messages / connector payload in the export; see extractor inventory.json): every tier below exact-id/exact-body is circumstantial text-based evidence, not a direct attestation of a Connector write. pr_review rows are not filterable by connector routing (Reviews API omits performed_via_github_app) and are excluded from the connector-routed universe count. See analysis/connector-linkage-methodology.md."
ef07aeb949602518,,leray-hopf,pr_review,55,4572630077,reconstructed,low,n/a,,"Q1 negative (no tool-role messages / connector payload in the export; see extractor inventory.json): every tier below exact-id/exact-body is circumstantial text-based evidence, not a direct attestation of a Connector write. pr_review rows are not filterable by connector routing (Reviews API omits performed_via_github_app) and are excluded from the connector-routed universe count. See analysis/connector-linkage-methodology.md."
ef07aeb949602518,,leray-hopf,pr_review,55,4572869332,reconstructed,low,n/a,,"Q1 negative (no tool-role messages / connector payload in the export; see extractor inventory.json): every tier below exact-id/exact-body is circumstantial text-based evidence, not a direct attestation of a Connector write. pr_review rows are not filterable by connector routing (Reviews API omits performed_via_github_app) and are excluded from the connector-routed universe count. See analysis/connector-linkage-methodology.md."
ef07aeb949602518,,leray-hopf,pr_review,55,4572936477,reconstructed,low,n/a,,"Q1 negative (no tool-role messages / connector payload in the export; see extractor inventory.json): every tier below exact-id/exact-body is circumstantial text-based evidence, not a direct attestation of a Connector write. pr_review rows are not filterable by connector routing (Reviews API omits performed_via_github_app) and are excluded from the connector-routed universe count. See analysis/connector-linkage-methodology.md."
ef07aeb949602518,,leray-hopf,pr_review,55,4573117001,reconstructed,low,n/a,,"Q1 negative (no tool-role messages / connector payload in the export; see extractor inventory.json): every tier below exact-id/exact-body is circumstantial text-based evidence, not a direct attestation of a Connector write. pr_review rows are not filterable by connector routing (Reviews API omits performed_via_github_app) and are excluded from the connector-routed universe count. See analysis/connector-linkage-methodology.md."
ef07aeb949602518,,leray-hopf,pr_review,55,4573153913,reconstructed,low,n/a,,"Q1 negative (no tool-role messages / connector payload in the export; see extractor inventory.json): every tier below exact-id/exact-body is circumstantial text-based evidence, not a direct attestation of a Connector write. pr_review rows are not filterable by connector routing (Reviews API omits performed_via_github_app) and are excluded from the connector-routed universe count. See analysis/connector-linkage-methodology.md."
,,leray-hopf,pr_review,52,4548847475,unmatched,,n/a,,"Q1 negative (no tool-role messages / connector payload in the export; see extractor inventory.json): every tier below exact-id/exact-body is circumstantial text-based evidence, not a direct attestation of a Connector write. pr_review rows are not filterable by connector routing (Reviews API omits performed_via_github_app) and are excluded from the connector-routed universe count. See analysis/connector-linkage-methodology.md."
,,leray-hopf,pr_review,52,4548852334,unmatched,,n/a,,"Q1 negative (no tool-role messages / connector payload in the export; see extractor inventory.json): every tier below exact-id/exact-body is circumstantial text-based evidence, not a direct attestation of a Connector write. pr_review rows are not filterable by connector routing (Reviews API omits performed_via_github_app) and are excluded from the connector-routed universe count. See analysis/connector-linkage-methodology.md."
,,leray-hopf,pr_review,51,4547735305,unmatched,,n/a,,"Q1 negative (no tool-role messages / connector payload in the export; see extractor inventory.json): every tier below exact-id/exact-body is circumstantial text-based evidence, not a direct attestation of a Connector write. pr_review rows are not filterable by connector routing (Reviews API omits performed_via_github_app) and are excluded from the connector-routed universe count. See analysis/connector-linkage-methodology.md."
,,leray-hopf,pr_review,51,4547745229,unmatched,,n/a,,"Q1 negative (no tool-role messages / connector payload in the export; see extractor inventory.json): every tier below exact-id/exact-body is circumstantial text-based evidence, not a direct attestation of a Connector write. pr_review rows are not filterable by connector routing (Reviews API omits performed_via_github_app) and are excluded from the connector-routed universe count. See analysis/connector-linkage-methodology.md."
,,leray-hopf,pr_review,51,4548119308,unmatched,,n/a,,"Q1 negative (no tool-role messages / connector payload in the export; see extractor inventory.json): every tier below exact-id/exact-body is circumstantial text-based evidence, not a direct attestation of a Connector write. pr_review rows are not filterable by connector routing (Reviews API omits performed_via_github_app) and are excluded from the connector-routed universe count. See analysis/connector-linkage-methodology.md."
,,leray-hopf,pr_review,51,4548557005,unmatched,,n/a,,"Q1 negative (no tool-role messages / connector payload in the export; see extractor inventory.json): every tier below exact-id/exact-body is circumstantial text-based evidence, not a direct attestation of a Connector write. pr_review rows are not filterable by connector routing (Reviews API omits performed_via_github_app) and are excluded from the connector-routed universe count. See analysis/connector-linkage-methodology.md."
2f278e9a7090cb1e,,leray-hopf,pr_review,45,4543549021,reconstructed,low,n/a,,"Q1 negative (no tool-role messages / connector payload in the export; see extractor inventory.json): every tier below exact-id/exact-body is circumstantial text-based evidence, not a direct attestation of a Connector write. pr_review rows are not filterable by connector routing (Reviews API omits performed_via_github_app) and are excluded from the connector-routed universe count. See analysis/connector-linkage-methodology.md."
2f278e9a7090cb1e,,leray-hopf,pr_review,45,4544225237,reconstructed,low,n/a,,"Q1 negative (no tool-role messages / connector payload in the export; see extractor inventory.json): every tier below exact-id/exact-body is circumstantial text-based evidence, not a direct attestation of a Connector write. pr_review rows are not filterable by connector routing (Reviews API omits performed_via_github_app) and are excluded from the connector-routed universe count. See analysis/connector-linkage-methodology.md."
2f278e9a7090cb1e,,leray-hopf,pr_review,45,4545218701,reconstructed,low,n/a,,"Q1 negative (no tool-role messages / connector payload in the export; see extractor inventory.json): every tier below exact-id/exact-body is circumstantial text-based evidence, not a direct attestation of a Connector write. pr_review rows are not filterable by connector routing (Reviews API omits performed_via_github_app) and are excluded from the connector-routed universe count. See analysis/connector-linkage-methodology.md."
2f278e9a7090cb1e,,leray-hopf,pr_review,43,4541705340,reconstructed,low,n/a,,"Q1 negative (no tool-role messages / connector payload in the export; see extractor inventory.json): every tier below exact-id/exact-body is circumstantial text-based evidence, not a direct attestation of a Connector write. pr_review rows are not filterable by connector routing (Reviews API omits performed_via_github_app) and are excluded from the connector-routed universe count. See analysis/connector-linkage-methodology.md."
2f278e9a7090cb1e,,leray-hopf,pr_review,43,4542078507,reconstructed,low,n/a,,"Q1 negative (no tool-role messages / connector payload in the export; see extractor inventory.json): every tier below exact-id/exact-body is circumstantial text-based evidence, not a direct attestation of a Connector write. pr_review rows are not filterable by connector routing (Reviews API omits performed_via_github_app) and are excluded from the connector-routed universe count. See analysis/connector-linkage-methodology.md."
68f47666ed90e574,,leray-hopf-notes,issue_creation,115,,reconstructed,low,n/a,,"Q1 negative (no tool-role messages / connector payload in the export; see extractor inventory.json): every tier below exact-id/exact-body is circumstantial text-based evidence, not a direct attestation of a Connector write. pr_review rows are not filterable by connector routing (Reviews API omits performed_via_github_app) and are excluded from the connector-routed universe count. See analysis/connector-linkage-methodology.md."
cd2f80a2c1e82ec1,2026-07-19T16:10:50+00:00,leray-hopf-notes,issue_creation,105,,time-and-context,medium,not-found,,"Q1 negative (no tool-role messages / connector payload in the export; see extractor inventory.json): every tier below exact-id/exact-body is circumstantial text-based evidence, not a direct attestation of a Connector write. pr_review rows are not filterable by connector routing (Reviews API omits performed_via_github_app) and are excluded from the connector-routed universe count. See analysis/connector-linkage-methodology.md."
0d23e7a7b6123395,2026-07-19T10:25:48+00:00,leray-hopf-notes,issue_creation,100,,time-and-context,medium,yes-rejected,mentions:2;spot-check:trigger explicitly deferred issue-filing pending a report ('don't file the issue yet -- report first'),"Q1 negative (no tool-role messages / connector payload in the export; see extractor inventory.json): every tier below exact-id/exact-body is circumstantial text-based evidence, not a direct attestation of a Connector write. pr_review rows are not filterable by connector routing (Reviews API omits performed_via_github_app) and are excluded from the connector-routed universe count. See analysis/connector-linkage-methodology.md."
0d23e7a7b6123395,2026-07-19T09:42:58+00:00,leray-hopf-notes,pr_creation,98,,time-and-context,medium,yes,mentions:3,"Q1 negative (no tool-role messages / connector payload in the export; see extractor inventory.json): every tier below exact-id/exact-body is circumstantial text-based evidence, not a direct attestation of a Connector write. pr_review rows are not filterable by connector routing (Reviews API omits performed_via_github_app) and are excluded from the connector-routed universe count. See analysis/connector-linkage-methodology.md."
0d23e7a7b6123395,2026-07-19T09:42:58+00:00,leray-hopf-notes,pr_creation,97,,time-and-context,medium,yes,mentions:3,"Q1 negative (no tool-role messages / connector payload in the export; see extractor inventory.json): every tier below exact-id/exact-body is circumstantial text-based evidence, not a direct attestation of a Connector write. pr_review rows are not filterable by connector routing (Reviews API omits performed_via_github_app) and are excluded from the connector-routed universe count. See analysis/connector-linkage-methodology.md."
0d23e7a7b6123395,2026-07-19T09:42:58+00:00,leray-hopf-notes,pr_creation,96,,time-and-context,medium,yes,mentions:3,"Q1 negative (no tool-role messages / connector payload in the export; see extractor inventory.json): every tier below exact-id/exact-body is circumstantial text-based evidence, not a direct attestation of a Connector write. pr_review rows are not filterable by connector routing (Reviews API omits performed_via_github_app) and are excluded from the connector-routed universe count. See analysis/connector-linkage-methodology.md."
acf27d63d27a8471,,leray-hopf-notes,issue_creation,75,,reconstructed,low,n/a,candidates:2,"Q1 negative (no tool-role messages / connector payload in the export; see extractor inventory.json): every tier below exact-id/exact-body is circumstantial text-based evidence, not a direct attestation of a Connector write. pr_review rows are not filterable by connector routing (Reviews API omits performed_via_github_app) and are excluded from the connector-routed universe count. See analysis/connector-linkage-methodology.md."
acf27d63d27a8471,,leray-hopf-notes,issue_creation,74,,reconstructed,low,n/a,candidates:2,"Q1 negative (no tool-role messages / connector payload in the export; see extractor inventory.json): every tier below exact-id/exact-body is circumstantial text-based evidence, not a direct attestation of a Connector write. pr_review rows are not filterable by connector routing (Reviews API omits performed_via_github_app) and are excluded from the connector-routed universe count. See analysis/connector-linkage-methodology.md."
acf27d63d27a8471,,leray-hopf-notes,issue_creation,73,,reconstructed,low,n/a,candidates:2,"Q1 negative (no tool-role messages / connector payload in the export; see extractor inventory.json): every tier below exact-id/exact-body is circumstantial text-based evidence, not a direct attestation of a Connector write. pr_review rows are not filterable by connector routing (Reviews API omits performed_via_github_app) and are excluded from the connector-routed universe count. See analysis/connector-linkage-methodology.md."
acf27d63d27a8471,,leray-hopf-notes,issue_creation,72,,reconstructed,low,n/a,candidates:2,"Q1 negative (no tool-role messages / connector payload in the export; see extractor inventory.json): every tier below exact-id/exact-body is circumstantial text-based evidence, not a direct attestation of a Connector write. pr_review rows are not filterable by connector routing (Reviews API omits performed_via_github_app) and are excluded from the connector-routed universe count. See analysis/connector-linkage-methodology.md."
acf27d63d27a8471,,leray-hopf-notes,issue_creation,71,,reconstructed,low,n/a,candidates:2,"Q1 negative (no tool-role messages / connector payload in the export; see extractor inventory.json): every tier below exact-id/exact-body is circumstantial text-based evidence, not a direct attestation of a Connector write. pr_review rows are not filterable by connector routing (Reviews API omits performed_via_github_app) and are excluded from the connector-routed universe count. See analysis/connector-linkage-methodology.md."
acf27d63d27a8471,,leray-hopf-notes,issue_creation,70,,reconstructed,low,n/a,candidates:2,"Q1 negative (no tool-role messages / connector payload in the export; see extractor inventory.json): every tier below exact-id/exact-body is circumstantial text-based evidence, not a direct attestation of a Connector write. pr_review rows are not filterable by connector routing (Reviews API omits performed_via_github_app) and are excluded from the connector-routed universe count. See analysis/connector-linkage-methodology.md."
acf27d63d27a8471,,leray-hopf-notes,issue_creation,69,,reconstructed,low,n/a,candidates:2,"Q1 negative (no tool-role messages / connector payload in the export; see extractor inventory.json): every tier below exact-id/exact-body is circumstantial text-based evidence, not a direct attestation of a Connector write. pr_review rows are not filterable by connector routing (Reviews API omits performed_via_github_app) and are excluded from the connector-routed universe count. See analysis/connector-linkage-methodology.md."
acf27d63d27a8471,,leray-hopf-notes,issue_creation,68,,reconstructed,low,n/a,candidates:2,"Q1 negative (no tool-role messages / connector payload in the export; see extractor inventory.json): every tier below exact-id/exact-body is circumstantial text-based evidence, not a direct attestation of a Connector write. pr_review rows are not filterable by connector routing (Reviews API omits performed_via_github_app) and are excluded from the connector-routed universe count. See analysis/connector-linkage-methodology.md."
acf27d63d27a8471,,leray-hopf-notes,issue_creation,67,,reconstructed,low,n/a,candidates:2,"Q1 negative (no tool-role messages / connector payload in the export; see extractor inventory.json): every tier below exact-id/exact-body is circumstantial text-based evidence, not a direct attestation of a Connector write. pr_review rows are not filterable by connector routing (Reviews API omits performed_via_github_app) and are excluded from the connector-routed universe count. See analysis/connector-linkage-methodology.md."
acf27d63d27a8471,,leray-hopf-notes,issue_creation,66,,reconstructed,low,n/a,candidates:2,"Q1 negative (no tool-role messages / connector payload in the export; see extractor inventory.json): every tier below exact-id/exact-body is circumstantial text-based evidence, not a direct attestation of a Connector write. pr_review rows are not filterable by connector routing (Reviews API omits performed_via_github_app) and are excluded from the connector-routed universe count. See analysis/connector-linkage-methodology.md."
acf27d63d27a8471,,leray-hopf-notes,issue_creation,65,,reconstructed,low,n/a,candidates:2,"Q1 negative (no tool-role messages / connector payload in the export; see extractor inventory.json): every tier below exact-id/exact-body is circumstantial text-based evidence, not a direct attestation of a Connector write. pr_review rows are not filterable by connector routing (Reviews API omits performed_via_github_app) and are excluded from the connector-routed universe count. See analysis/connector-linkage-methodology.md."
acf27d63d27a8471,,leray-hopf-notes,issue_creation,64,,reconstructed,low,n/a,candidates:2,"Q1 negative (no tool-role messages / connector payload in the export; see extractor inventory.json): every tier below exact-id/exact-body is circumstantial text-based evidence, not a direct attestation of a Connector write. pr_review rows are not filterable by connector routing (Reviews API omits performed_via_github_app) and are excluded from the connector-routed universe count. See analysis/connector-linkage-methodology.md."
0d23e7a7b6123395,2026-07-16T16:22:52+00:00,leray-hopf-notes,issue_creation,63,,time-and-context,medium,yes-rejected,alias:lean-pde-notes;spot-check:trigger explicitly deferred issue-filing pending a report ('don't file the issue yet -- report first'),"Q1 negative (no tool-role messages / connector payload in the export; see extractor inventory.json): every tier below exact-id/exact-body is circumstantial text-based evidence, not a direct attestation of a Connector write. pr_review rows are not filterable by connector routing (Reviews API omits performed_via_github_app) and are excluded from the connector-routed universe count. See analysis/connector-linkage-methodology.md."
0d23e7a7b6123395,2026-07-16T15:20:50+00:00,leray-hopf-notes,issue_creation,62,,time-and-context,medium,yes,mentions:2;alias:lean-pde-notes,"Q1 negative (no tool-role messages / connector payload in the export; see extractor inventory.json): every tier below exact-id/exact-body is circumstantial text-based evidence, not a direct attestation of a Connector write. pr_review rows are not filterable by connector routing (Reviews API omits performed_via_github_app) and are excluded from the connector-routed universe count. See analysis/connector-linkage-methodology.md."
2e1aa982692ee505,2026-07-15T15:00:45+00:00,leray-hopf-notes,issue_creation,56,,time-and-context,medium,yes,alias:lean-pde-notes,"Q1 negative (no tool-role messages / connector payload in the export; see extractor inventory.json): every tier below exact-id/exact-body is circumstantial text-based evidence, not a direct attestation of a Connector write. pr_review rows are not filterable by connector routing (Reviews API omits performed_via_github_app) and are excluded from the connector-routed universe count. See analysis/connector-linkage-methodology.md."
000bc2393b0373b3,2026-07-07T15:40:38+00:00,leray-hopf-notes,issue_creation,34,,time-and-context,medium,not-found,alias:lean-pde-notes,"Q1 negative (no tool-role messages / connector payload in the export; see extractor inventory.json): every tier below exact-id/exact-body is circumstantial text-based evidence, not a direct attestation of a Connector write. pr_review rows are not filterable by connector routing (Reviews API omits performed_via_github_app) and are excluded from the connector-routed universe count. See analysis/connector-linkage-methodology.md."
000bc2393b0373b3,2026-07-07T14:15:47+00:00,leray-hopf-notes,issue_creation,32,,time-and-context,medium,not-found,alias:lean-pde-notes,"Q1 negative (no tool-role messages / connector payload in the export; see extractor inventory.json): every tier below exact-id/exact-body is circumstantial text-based evidence, not a direct attestation of a Connector write. pr_review rows are not filterable by connector routing (Reviews API omits performed_via_github_app) and are excluded from the connector-routed universe count. See analysis/connector-linkage-methodology.md."
000bc2393b0373b3,2026-07-07T13:53:11+00:00,leray-hopf-notes,issue_creation,30,,time-and-context,medium,not-found,alias:lean-pde-notes,"Q1 negative (no tool-role messages / connector payload in the export; see extractor inventory.json): every tier below exact-id/exact-body is circumstantial text-based evidence, not a direct attestation of a Connector write. pr_review rows are not filterable by connector routing (Reviews API omits performed_via_github_app) and are excluded from the connector-routed universe count. See analysis/connector-linkage-methodology.md."
,,leray-hopf-notes,issue_creation,25,,unmatched,,n/a,,"Q1 negative (no tool-role messages / connector payload in the export; see extractor inventory.json): every tier below exact-id/exact-body is circumstantial text-based evidence, not a direct attestation of a Connector write. pr_review rows are not filterable by connector routing (Reviews API omits performed_via_github_app) and are excluded from the connector-routed universe count. See analysis/connector-linkage-methodology.md."
,,leray-hopf-notes,pr_creation,24,,unmatched,,n/a,,"Q1 negative (no tool-role messages / connector payload in the export; see extractor inventory.json): every tier below exact-id/exact-body is circumstantial text-based evidence, not a direct attestation of a Connector write. pr_review rows are not filterable by connector routing (Reviews API omits performed_via_github_app) and are excluded from the connector-routed universe count. See analysis/connector-linkage-methodology.md."
,,leray-hopf-notes,issue_comment,1,4902824438,unmatched,,n/a,,"Q1 negative (no tool-role messages / connector payload in the export; see extractor inventory.json): every tier below exact-id/exact-body is circumstantial text-based evidence, not a direct attestation of a Connector write. pr_review rows are not filterable by connector routing (Reviews API omits performed_via_github_app) and are excluded from the connector-routed universe count. See analysis/connector-linkage-methodology.md."
000bc2393b0373b3,,leray-hopf-notes,issue_comment,29,4903327282,reconstructed,low,n/a,,"Q1 negative (no tool-role messages / connector payload in the export; see extractor inventory.json): every tier below exact-id/exact-body is circumstantial text-based evidence, not a direct attestation of a Connector write. pr_review rows are not filterable by connector routing (Reviews API omits performed_via_github_app) and are excluded from the connector-routed universe count. See analysis/connector-linkage-methodology.md."
000bc2393b0373b3,,leray-hopf-notes,issue_comment,29,4903409644,reconstructed,low,n/a,,"Q1 negative (no tool-role messages / connector payload in the export; see extractor inventory.json): every tier below exact-id/exact-body is circumstantial text-based evidence, not a direct attestation of a Connector write. pr_review rows are not filterable by connector routing (Reviews API omits performed_via_github_app) and are excluded from the connector-routed universe count. See analysis/connector-linkage-methodology.md."
000bc2393b0373b3,,leray-hopf-notes,issue_comment,31,4904779586,reconstructed,low,n/a,,"Q1 negative (no tool-role messages / connector payload in the export; see extractor inventory.json): every tier below exact-id/exact-body is circumstantial text-based evidence, not a direct attestation of a Connector write. pr_review rows are not filterable by connector routing (Reviews API omits performed_via_github_app) and are excluded from the connector-routed universe count. See analysis/connector-linkage-methodology.md."
acf27d63d27a8471,,leray-hopf-notes,issue_comment,51,4967882334,reconstructed,low,n/a,candidates:2,"Q1 negative (no tool-role messages / connector payload in the export; see extractor inventory.json): every tier below exact-id/exact-body is circumstantial text-based evidence, not a direct attestation of a Connector write. pr_review rows are not filterable by connector routing (Reviews API omits performed_via_github_app) and are excluded from the connector-routed universe count. See analysis/connector-linkage-methodology.md."
2e1aa982692ee505,2026-07-15T15:00:45+00:00,leray-hopf-notes,issue_comment,55,4982063397,exact-id,high,yes,alias:lean-pde-notes,"Q1 negative (no tool-role messages / connector payload in the export; see extractor inventory.json): every tier below exact-id/exact-body is circumstantial text-based evidence, not a direct attestation of a Connector write. pr_review rows are not filterable by connector routing (Reviews API omits performed_via_github_app) and are excluded from the connector-routed universe count. See analysis/connector-linkage-methodology.md."
2e1aa982692ee505,2026-07-15T16:10:59+00:00,leray-hopf-notes,issue_comment,55,4982768049,exact-id,high,yes,alias:lean-pde-notes,"Q1 negative (no tool-role messages / connector payload in the export; see extractor inventory.json): every tier below exact-id/exact-body is circumstantial text-based evidence, not a direct attestation of a Connector write. pr_review rows are not filterable by connector routing (Reviews API omits performed_via_github_app) and are excluded from the connector-routed universe count. See analysis/connector-linkage-methodology.md."
2e1aa982692ee505,2026-07-16T02:10:14+00:00,leray-hopf-notes,issue_comment,57,4987425617,exact-id,high,yes,alias:lean-pde-notes,"Q1 negative (no tool-role messages / connector payload in the export; see extractor inventory.json): every tier below exact-id/exact-body is circumstantial text-based evidence, not a direct attestation of a Connector write. pr_review rows are not filterable by connector routing (Reviews API omits performed_via_github_app) and are excluded from the connector-routed universe count. See analysis/connector-linkage-methodology.md."
2e1aa982692ee505,2026-07-16T03:30:11+00:00,leray-hopf-notes,issue_comment,58,4987863966,exact-id,high,yes,alias:lean-pde-notes,"Q1 negative (no tool-role messages / connector payload in the export; see extractor inventory.json): every tier below exact-id/exact-body is circumstantial text-based evidence, not a direct attestation of a Connector write. pr_review rows are not filterable by connector routing (Reviews API omits performed_via_github_app) and are excluded from the connector-routed universe count. See analysis/connector-linkage-methodology.md."
2e1aa982692ee505,2026-07-16T05:03:19+00:00,leray-hopf-notes,issue_comment,59,4988375739,exact-id,high,yes,alias:lean-pde-notes,"Q1 negative (no tool-role messages / connector payload in the export; see extractor inventory.json): every tier below exact-id/exact-body is circumstantial text-based evidence, not a direct attestation of a Connector write. pr_review rows are not filterable by connector routing (Reviews API omits performed_via_github_app) and are excluded from the connector-routed universe count. See analysis/connector-linkage-methodology.md."
9eb009970f3a40f6,2026-07-17T18:23:11+00:00,leray-hopf-notes,issue_comment,88,5006258452,time-and-context,medium,not-found,,"Q1 negative (no tool-role messages / connector payload in the export; see extractor inventory.json): every tier below exact-id/exact-body is circumstantial text-based evidence, not a direct attestation of a Connector write. pr_review rows are not filterable by connector routing (Reviews API omits performed_via_github_app) and are excluded from the connector-routed universe count. See analysis/connector-linkage-methodology.md."
9eb009970f3a40f6,2026-07-17T21:50:49+00:00,leray-hopf-notes,issue_comment,89,5007789997,time-and-context,medium,not-found,,"Q1 negative (no tool-role messages / connector payload in the export; see extractor inventory.json): every tier below exact-id/exact-body is circumstantial text-based evidence, not a direct attestation of a Connector write. pr_review rows are not filterable by connector routing (Reviews API omits performed_via_github_app) and are excluded from the connector-routed universe count. See analysis/connector-linkage-methodology.md."
9eb009970f3a40f6,2026-07-17T23:49:47+00:00,leray-hopf-notes,issue_comment,90,5008903853,time-and-context,medium,not-found,mentions:2,"Q1 negative (no tool-role messages / connector payload in the export; see extractor inventory.json): every tier below exact-id/exact-body is circumstantial text-based evidence, not a direct attestation of a Connector write. pr_review rows are not filterable by connector routing (Reviews API omits performed_via_github_app) and are excluded from the connector-routed universe count. See analysis/connector-linkage-methodology.md."
9eb009970f3a40f6,2026-07-18T02:47:11+00:00,leray-hopf-notes,issue_comment,91,5009578269,time-and-context,medium,not-found,,"Q1 negative (no tool-role messages / connector payload in the export; see extractor inventory.json): every tier below exact-id/exact-body is circumstantial text-based evidence, not a direct attestation of a Connector write. pr_review rows are not filterable by connector routing (Reviews API omits performed_via_github_app) and are excluded from the connector-routed universe count. See analysis/connector-linkage-methodology.md."
9eb009970f3a40f6,2026-07-18T03:49:43+00:00,leray-hopf-notes,issue_comment,92,5009785706,time-and-context,medium,not-found,,"Q1 negative (no tool-role messages / connector payload in the export; see extractor inventory.json): every tier below exact-id/exact-body is circumstantial text-based evidence, not a direct attestation of a Connector write. pr_review rows are not filterable by connector routing (Reviews API omits performed_via_github_app) and are excluded from the connector-routed universe count. See analysis/connector-linkage-methodology.md."
9eb009970f3a40f6,2026-07-19T05:50:13+00:00,leray-hopf-notes,issue_comment,93,5014606812,time-and-context,medium,not-found,,"Q1 negative (no tool-role messages / connector payload in the export; see extractor inventory.json): every tier below exact-id/exact-body is circumstantial text-based evidence, not a direct attestation of a Connector write. pr_review rows are not filterable by connector routing (Reviews API omits performed_via_github_app) and are excluded from the connector-routed universe count. See analysis/connector-linkage-methodology.md."
9eb009970f3a40f6,2026-07-19T08:44:11+00:00,leray-hopf-notes,issue_comment,94,5015075480,time-and-context,medium,not-found,,"Q1 negative (no tool-role messages / connector payload in the export; see extractor inventory.json): every tier below exact-id/exact-body is circumstantial text-based evidence, not a direct attestation of a Connector write. pr_review rows are not filterable by connector routing (Reviews API omits performed_via_github_app) and are excluded from the connector-routed universe count. See analysis/connector-linkage-methodology.md."
0d23e7a7b6123395,2026-07-19T09:08:04+00:00,leray-hopf-notes,issue_comment,62,5015146924,time-and-context,medium,yes,mentions:2,"Q1 negative (no tool-role messages / connector payload in the export; see extractor inventory.json): every tier below exact-id/exact-body is circumstantial text-based evidence, not a direct attestation of a Connector write. pr_review rows are not filterable by connector routing (Reviews API omits performed_via_github_app) and are excluded from the connector-routed universe count. See analysis/connector-linkage-methodology.md."
0d23e7a7b6123395,2026-07-19T09:08:04+00:00,leray-hopf-notes,issue_comment,30,5015146980,time-and-context,medium,yes,mentions:2,"Q1 negative (no tool-role messages / connector payload in the export; see extractor inventory.json): every tier below exact-id/exact-body is circumstantial text-based evidence, not a direct attestation of a Connector write. pr_review rows are not filterable by connector routing (Reviews API omits performed_via_github_app) and are excluded from the connector-routed universe count. See analysis/connector-linkage-methodology.md."
0d23e7a7b6123395,,leray-hopf-notes,issue_comment,66,5015202480,reconstructed,low,n/a,candidates:2,"Q1 negative (no tool-role messages / connector payload in the export; see extractor inventory.json): every tier below exact-id/exact-body is circumstantial text-based evidence, not a direct attestation of a Connector write. pr_review rows are not filterable by connector routing (Reviews API omits performed_via_github_app) and are excluded from the connector-routed universe count. See analysis/connector-linkage-methodology.md."
0d23e7a7b6123395,,leray-hopf-notes,issue_comment,68,5015206031,reconstructed,low,n/a,candidates:2,"Q1 negative (no tool-role messages / connector payload in the export; see extractor inventory.json): every tier below exact-id/exact-body is circumstantial text-based evidence, not a direct attestation of a Connector write. pr_review rows are not filterable by connector routing (Reviews API omits performed_via_github_app) and are excluded from the connector-routed universe count. See analysis/connector-linkage-methodology.md."
0d23e7a7b6123395,,leray-hopf-notes,issue_comment,69,5015213041,reconstructed,low,n/a,candidates:2,"Q1 negative (no tool-role messages / connector payload in the export; see extractor inventory.json): every tier below exact-id/exact-body is circumstantial text-based evidence, not a direct attestation of a Connector write. pr_review rows are not filterable by connector routing (Reviews API omits performed_via_github_app) and are excluded from the connector-routed universe count. See analysis/connector-linkage-methodology.md."
0d23e7a7b6123395,2026-07-19T10:15:12+00:00,leray-hopf-notes,issue_comment,95,5015239548,time-and-context,medium,yes,mentions:2,"Q1 negative (no tool-role messages / connector payload in the export; see extractor inventory.json): every tier below exact-id/exact-body is circumstantial text-based evidence, not a direct attestation of a Connector write. pr_review rows are not filterable by connector routing (Reviews API omits performed_via_github_app) and are excluded from the connector-routed universe count. See analysis/connector-linkage-methodology.md."
0d23e7a7b6123395,2026-07-19T09:10:51+00:00,leray-hopf-notes,issue_comment,32,5015244142,time-and-context,medium,yes,,"Q1 negative (no tool-role messages / connector payload in the export; see extractor inventory.json): every tier below exact-id/exact-body is circumstantial text-based evidence, not a direct attestation of a Connector write. pr_review rows are not filterable by connector routing (Reviews API omits performed_via_github_app) and are excluded from the connector-routed universe count. See analysis/connector-linkage-methodology.md."
0d23e7a7b6123395,2026-07-19T10:15:12+00:00,leray-hopf-notes,issue_comment,95,5015357201,time-and-context,medium,yes,mentions:2,"Q1 negative (no tool-role messages / connector payload in the export; see extractor inventory.json): every tier below exact-id/exact-body is circumstantial text-based evidence, not a direct attestation of a Connector write. pr_review rows are not filterable by connector routing (Reviews API omits performed_via_github_app) and are excluded from the connector-routed universe count. See analysis/connector-linkage-methodology.md."
0d23e7a7b6123395,2026-07-19T09:42:58+00:00,leray-hopf-notes,issue_comment,96,5015357250,time-and-context,medium,yes,mentions:3,"Q1 negative (no tool-role messages / connector payload in the export; see extractor inventory.json): every tier below exact-id/exact-body is circumstantial text-based evidence, not a direct attestation of a Connector write. pr_review rows are not filterable by connector routing (Reviews API omits performed_via_github_app) and are excluded from the connector-routed universe count. See analysis/connector-linkage-methodology.md."
0d23e7a7b6123395,2026-07-19T09:42:58+00:00,leray-hopf-notes,issue_comment,97,5015357294,time-and-context,medium,yes,mentions:3,"Q1 negative (no tool-role messages / connector payload in the export; see extractor inventory.json): every tier below exact-id/exact-body is circumstantial text-based evidence, not a direct attestation of a Connector write. pr_review rows are not filterable by connector routing (Reviews API omits performed_via_github_app) and are excluded from the connector-routed universe count. See analysis/connector-linkage-methodology.md."
0d23e7a7b6123395,2026-07-19T09:42:58+00:00,leray-hopf-notes,issue_comment,98,5015357344,time-and-context,medium,yes,mentions:3,"Q1 negative (no tool-role messages / connector payload in the export; see extractor inventory.json): every tier below exact-id/exact-body is circumstantial text-based evidence, not a direct attestation of a Connector write. pr_review rows are not filterable by connector routing (Reviews API omits performed_via_github_app) and are excluded from the connector-routed universe count. See analysis/connector-linkage-methodology.md."
9eb009970f3a40f6,2026-07-19T10:51:16+00:00,leray-hopf-notes,issue_comment,102,5015431068,time-and-context,medium,not-found,,"Q1 negative (no tool-role messages / connector payload in the export; see extractor inventory.json): every tier below exact-id/exact-body is circumstantial text-based evidence, not a direct attestation of a Connector write. pr_review rows are not filterable by connector routing (Reviews API omits performed_via_github_app) and are excluded from the connector-routed universe count. See analysis/connector-linkage-methodology.md."
9eb009970f3a40f6,2026-07-19T10:51:16+00:00,leray-hopf-notes,issue_comment,99,5015598093,time-and-context,medium,not-found,mentions:2,"Q1 negative (no tool-role messages / connector payload in the export; see extractor inventory.json): every tier below exact-id/exact-body is circumstantial text-based evidence, not a direct attestation of a Connector write. pr_review rows are not filterable by connector routing (Reviews API omits performed_via_github_app) and are excluded from the connector-routed universe count. See analysis/connector-linkage-methodology.md."
9eb009970f3a40f6,2026-07-19T10:51:16+00:00,leray-hopf-notes,issue_comment,103,5015598205,time-and-context,medium,not-found,mentions:2,"Q1 negative (no tool-role messages / connector payload in the export; see extractor inventory.json): every tier below exact-id/exact-body is circumstantial text-based evidence, not a direct attestation of a Connector write. pr_review rows are not filterable by connector routing (Reviews API omits performed_via_github_app) and are excluded from the connector-routed universe count. See analysis/connector-linkage-methodology.md."
9eb009970f3a40f6,2026-07-19T12:53:20+00:00,leray-hopf-notes,issue_comment,104,5015787127,time-and-context,medium,not-found,,"Q1 negative (no tool-role messages / connector payload in the export; see extractor inventory.json): every tier below exact-id/exact-body is circumstantial text-based evidence, not a direct attestation of a Connector write. pr_review rows are not filterable by connector routing (Reviews API omits performed_via_github_app) and are excluded from the connector-routed universe count. See analysis/connector-linkage-methodology.md."
cd2f80a2c1e82ec1,2026-07-19T15:47:07+00:00,leray-hopf-notes,issue_comment,1,5016354471,time-and-context,medium,not-found,,"Q1 negative (no tool-role messages / connector payload in the export; see extractor inventory.json): every tier below exact-id/exact-body is circumstantial text-based evidence, not a direct attestation of a Connector write. pr_review rows are not filterable by connector routing (Reviews API omits performed_via_github_app) and are excluded from the connector-routed universe count. See analysis/connector-linkage-methodology.md."
cd2f80a2c1e82ec1,2026-07-19T15:47:07+00:00,leray-hopf-notes,issue_comment,75,5016354519,time-and-context,medium,not-found,,"Q1 negative (no tool-role messages / connector payload in the export; see extractor inventory.json): every tier below exact-id/exact-body is circumstantial text-based evidence, not a direct attestation of a Connector write. pr_review rows are not filterable by connector routing (Reviews API omits performed_via_github_app) and are excluded from the connector-routed universe count. See analysis/connector-linkage-methodology.md."
cd2f80a2c1e82ec1,2026-07-19T15:47:07+00:00,leray-hopf-notes,issue_comment,100,5016354580,time-and-context,medium,not-found,,"Q1 negative (no tool-role messages / connector payload in the export; see extractor inventory.json): every tier below exact-id/exact-body is circumstantial text-based evidence, not a direct attestation of a Connector write. pr_review rows are not filterable by connector routing (Reviews API omits performed_via_github_app) and are excluded from the connector-routed universe count. See analysis/connector-linkage-methodology.md."
cd2f80a2c1e82ec1,2026-07-19T15:47:07+00:00,leray-hopf-notes,issue_comment,32,5016354641,time-and-context,medium,not-found,,"Q1 negative (no tool-role messages / connector payload in the export; see extractor inventory.json): every tier below exact-id/exact-body is circumstantial text-based evidence, not a direct attestation of a Connector write. pr_review rows are not filterable by connector routing (Reviews API omits performed_via_github_app) and are excluded from the connector-routed universe count. See analysis/connector-linkage-methodology.md."
cd2f80a2c1e82ec1,2026-07-19T15:47:07+00:00,leray-hopf-notes,issue_comment,73,5016354689,time-and-context,medium,not-found,,"Q1 negative (no tool-role messages / connector payload in the export; see extractor inventory.json): every tier below exact-id/exact-body is circumstantial text-based evidence, not a direct attestation of a Connector write. pr_review rows are not filterable by connector routing (Reviews API omits performed_via_github_app) and are excluded from the connector-routed universe count. See analysis/connector-linkage-methodology.md."
9eb009970f3a40f6,2026-07-19T18:54:06+00:00,leray-hopf-notes,issue_comment,109,5017149761,time-and-context,medium,not-found,mentions:2,"Q1 negative (no tool-role messages / connector payload in the export; see extractor inventory.json): every tier below exact-id/exact-body is circumstantial text-based evidence, not a direct attestation of a Connector write. pr_review rows are not filterable by connector routing (Reviews API omits performed_via_github_app) and are excluded from the connector-routed universe count. See analysis/connector-linkage-methodology.md."
9eb009970f3a40f6,2026-07-19T23:52:07+00:00,leray-hopf-notes,issue_comment,112,5017838738,time-and-context,medium,not-found,,"Q1 negative (no tool-role messages / connector payload in the export; see extractor inventory.json): every tier below exact-id/exact-body is circumstantial text-based evidence, not a direct attestation of a Connector write. pr_review rows are not filterable by connector routing (Reviews API omits performed_via_github_app) and are excluded from the connector-routed universe count. See analysis/connector-linkage-methodology.md."
9eb009970f3a40f6,2026-07-20T01:52:07+00:00,leray-hopf-notes,issue_comment,113,5018101805,time-and-context,medium,not-found,,"Q1 negative (no tool-role messages / connector payload in the export; see extractor inventory.json): every tier below exact-id/exact-body is circumstantial text-based evidence, not a direct attestation of a Connector write. pr_review rows are not filterable by connector routing (Reviews API omits performed_via_github_app) and are excluded from the connector-routed universe count. See analysis/connector-linkage-methodology.md."
4b01ed27ce9f3b72,,leray-hopf-notes,issue_comment,32,5020150008,reconstructed,low,n/a,,"Q1 negative (no tool-role messages / connector payload in the export; see extractor inventory.json): every tier below exact-id/exact-body is circumstantial text-based evidence, not a direct attestation of a Connector write. pr_review rows are not filterable by connector routing (Reviews API omits performed_via_github_app) and are excluded from the connector-routed universe count. See analysis/connector-linkage-methodology.md."
4b01ed27ce9f3b72,,leray-hopf-notes,issue_comment,63,5020158483,reconstructed,low,n/a,,"Q1 negative (no tool-role messages / connector payload in the export; see extractor inventory.json): every tier below exact-id/exact-body is circumstantial text-based evidence, not a direct attestation of a Connector write. pr_review rows are not filterable by connector routing (Reviews API omits performed_via_github_app) and are excluded from the connector-routed universe count. See analysis/connector-linkage-methodology.md."
4b01ed27ce9f3b72,,leray-hopf-notes,pr_review,114,4731977006,reconstructed,low,n/a,,"Q1 negative (no tool-role messages / connector payload in the export; see extractor inventory.json): every tier below exact-id/exact-body is circumstantial text-based evidence, not a direct attestation of a Connector write. pr_review rows are not filterable by connector routing (Reviews API omits performed_via_github_app) and are excluded from the connector-routed universe count. See analysis/connector-linkage-methodology.md."
4b01ed27ce9f3b72,,leray-hopf-notes,pr_review,114,4731979886,reconstructed,low,n/a,,"Q1 negative (no tool-role messages / connector payload in the export; see extractor inventory.json): every tier below exact-id/exact-body is circumstantial text-based evidence, not a direct attestation of a Connector write. pr_review rows are not filterable by connector routing (Reviews API omits performed_via_github_app) and are excluded from the connector-routed universe count. See analysis/connector-linkage-methodology.md."
4b01ed27ce9f3b72,,leray-hopf-notes,pr_review,114,4732009499,reconstructed,low,n/a,,"Q1 negative (no tool-role messages / connector payload in the export; see extractor inventory.json): every tier below exact-id/exact-body is circumstantial text-based evidence, not a direct attestation of a Connector write. pr_review rows are not filterable by connector routing (Reviews API omits performed_via_github_app) and are excluded from the connector-routed universe count. See analysis/connector-linkage-methodology.md."
4b01ed27ce9f3b72,,leray-hopf-notes,pr_review,114,4732009539,reconstructed,low,n/a,,"Q1 negative (no tool-role messages / connector payload in the export; see extractor inventory.json): every tier below exact-id/exact-body is circumstantial text-based evidence, not a direct attestation of a Connector write. pr_review rows are not filterable by connector routing (Reviews API omits performed_via_github_app) and are excluded from the connector-routed universe count. See analysis/connector-linkage-methodology.md."
4b01ed27ce9f3b72,,leray-hopf-notes,pr_review,114,4732009570,reconstructed,low,n/a,,"Q1 negative (no tool-role messages / connector payload in the export; see extractor inventory.json): every tier below exact-id/exact-body is circumstantial text-based evidence, not a direct attestation of a Connector write. pr_review rows are not filterable by connector routing (Reviews API omits performed_via_github_app) and are excluded from the connector-routed universe count. See analysis/connector-linkage-methodology.md."
4b01ed27ce9f3b72,,leray-hopf-notes,pr_review,114,4732009602,reconstructed,low,n/a,,"Q1 negative (no tool-role messages / connector payload in the export; see extractor inventory.json): every tier below exact-id/exact-body is circumstantial text-based evidence, not a direct attestation of a Connector write. pr_review rows are not filterable by connector routing (Reviews API omits performed_via_github_app) and are excluded from the connector-routed universe count. See analysis/connector-linkage-methodology.md."
4b01ed27ce9f3b72,,leray-hopf-notes,pr_review,114,4732009636,reconstructed,low,n/a,,"Q1 negative (no tool-role messages / connector payload in the export; see extractor inventory.json): every tier below exact-id/exact-body is circumstantial text-based evidence, not a direct attestation of a Connector write. pr_review rows are not filterable by connector routing (Reviews API omits performed_via_github_app) and are excluded from the connector-routed universe count. See analysis/connector-linkage-methodology.md."
4b01ed27ce9f3b72,,leray-hopf-notes,pr_review,114,4732009679,reconstructed,low,n/a,,"Q1 negative (no tool-role messages / connector payload in the export; see extractor inventory.json): every tier below exact-id/exact-body is circumstantial text-based evidence, not a direct attestation of a Connector write. pr_review rows are not filterable by connector routing (Reviews API omits performed_via_github_app) and are excluded from the connector-routed universe count. See analysis/connector-linkage-methodology.md."
4b01ed27ce9f3b72,,leray-hopf-notes,pr_review,114,4732035075,reconstructed,low,n/a,,"Q1 negative (no tool-role messages / connector payload in the export; see extractor inventory.json): every tier below exact-id/exact-body is circumstantial text-based evidence, not a direct attestation of a Connector write. pr_review rows are not filterable by connector routing (Reviews API omits performed_via_github_app) and are excluded from the connector-routed universe count. See analysis/connector-linkage-methodology.md."
9eb009970f3a40f6,2026-07-20T01:52:07+00:00,leray-hopf-notes,pr_review,113,4731814320,time-and-context,medium,not-found,,"Q1 negative (no tool-role messages / connector payload in the export; see extractor inventory.json): every tier below exact-id/exact-body is circumstantial text-based evidence, not a direct attestation of a Connector write. pr_review rows are not filterable by connector routing (Reviews API omits performed_via_github_app) and are excluded from the connector-routed universe count. See analysis/connector-linkage-methodology.md."
9eb009970f3a40f6,2026-07-19T22:48:43+00:00,leray-hopf-notes,pr_review,112,4731612224,time-and-context,medium,not-found,,"Q1 negative (no tool-role messages / connector payload in the export; see extractor inventory.json): every tier below exact-id/exact-body is circumstantial text-based evidence, not a direct attestation of a Connector write. pr_review rows are not filterable by connector routing (Reviews API omits performed_via_github_app) and are excluded from the connector-routed universe count. See analysis/connector-linkage-methodology.md."
9eb009970f3a40f6,2026-07-19T22:48:43+00:00,leray-hopf-notes,pr_review,112,4731616679,time-and-context,medium,not-found,mentions:2,"Q1 negative (no tool-role messages / connector payload in the export; see extractor inventory.json): every tier below exact-id/exact-body is circumstantial text-based evidence, not a direct attestation of a Connector write. pr_review rows are not filterable by connector routing (Reviews API omits performed_via_github_app) and are excluded from the connector-routed universe count. See analysis/connector-linkage-methodology.md."
9eb009970f3a40f6,2026-07-19T22:48:43+00:00,leray-hopf-notes,pr_review,112,4731616701,time-and-context,medium,not-found,mentions:2,"Q1 negative (no tool-role messages / connector payload in the export; see extractor inventory.json): every tier below exact-id/exact-body is circumstantial text-based evidence, not a direct attestation of a Connector write. pr_review rows are not filterable by connector routing (Reviews API omits performed_via_github_app) and are excluded from the connector-routed universe count. See analysis/connector-linkage-methodology.md."
9eb009970f3a40f6,2026-07-19T23:52:07+00:00,leray-hopf-notes,pr_review,112,4731703648,time-and-context,medium,not-found,,"Q1 negative (no tool-role messages / connector payload in the export; see extractor inventory.json): every tier below exact-id/exact-body is circumstantial text-based evidence, not a direct attestation of a Connector write. pr_review rows are not filterable by connector routing (Reviews API omits performed_via_github_app) and are excluded from the connector-routed universe count. See analysis/connector-linkage-methodology.md."
9eb009970f3a40f6,2026-07-19T21:50:39+00:00,leray-hopf-notes,pr_review,111,4731533895,time-and-context,medium,not-found,,"Q1 negative (no tool-role messages / connector payload in the export; see extractor inventory.json): every tier below exact-id/exact-body is circumstantial text-based evidence, not a direct attestation of a Connector write. pr_review rows are not filterable by connector routing (Reviews API omits performed_via_github_app) and are excluded from the connector-routed universe count. See analysis/connector-linkage-methodology.md."
9eb009970f3a40f6,,leray-hopf-notes,pr_review,110,4731478732,reconstructed,low,n/a,candidates:2,"Q1 negative (no tool-role messages / connector payload in the export; see extractor inventory.json): every tier below exact-id/exact-body is circumstantial text-based evidence, not a direct attestation of a Connector write. pr_review rows are not filterable by connector routing (Reviews API omits performed_via_github_app) and are excluded from the connector-routed universe count. See analysis/connector-linkage-methodology.md."
9eb009970f3a40f6,,leray-hopf-notes,pr_review,110,4731482501,reconstructed,low,n/a,candidates:2,"Q1 negative (no tool-role messages / connector payload in the export; see extractor inventory.json): every tier below exact-id/exact-body is circumstantial text-based evidence, not a direct attestation of a Connector write. pr_review rows are not filterable by connector routing (Reviews API omits performed_via_github_app) and are excluded from the connector-routed universe count. See analysis/connector-linkage-methodology.md."
9eb009970f3a40f6,2026-07-19T18:54:06+00:00,leray-hopf-notes,pr_review,109,4731293693,time-and-context,medium,not-found,mentions:2,"Q1 negative (no tool-role messages / connector payload in the export; see extractor inventory.json): every tier below exact-id/exact-body is circumstantial text-based evidence, not a direct attestation of a Connector write. pr_review rows are not filterable by connector routing (Reviews API omits performed_via_github_app) and are excluded from the connector-routed universe count. See analysis/connector-linkage-methodology.md."
9eb009970f3a40f6,2026-07-19T18:54:06+00:00,leray-hopf-notes,pr_review,109,4731307281,time-and-context,medium,not-found,mentions:2,"Q1 negative (no tool-role messages / connector payload in the export; see extractor inventory.json): every tier below exact-id/exact-body is circumstantial text-based evidence, not a direct attestation of a Connector write. pr_review rows are not filterable by connector routing (Reviews API omits performed_via_github_app) and are excluded from the connector-routed universe count. See analysis/connector-linkage-methodology.md."
9eb009970f3a40f6,2026-07-19T18:54:06+00:00,leray-hopf-notes,pr_review,109,4731378467,time-and-context,medium,not-found,mentions:2,"Q1 negative (no tool-role messages / connector payload in the export; see extractor inventory.json): every tier below exact-id/exact-body is circumstantial text-based evidence, not a direct attestation of a Connector write. pr_review rows are not filterable by connector routing (Reviews API omits performed_via_github_app) and are excluded from the connector-routed universe count. See analysis/connector-linkage-methodology.md."
9eb009970f3a40f6,2026-07-19T18:54:06+00:00,leray-hopf-notes,pr_review,109,4731381831,time-and-context,medium,not-found,mentions:2,"Q1 negative (no tool-role messages / connector payload in the export; see extractor inventory.json): every tier below exact-id/exact-body is circumstantial text-based evidence, not a direct attestation of a Connector write. pr_review rows are not filterable by connector routing (Reviews API omits performed_via_github_app) and are excluded from the connector-routed universe count. See analysis/connector-linkage-methodology.md."
9eb009970f3a40f6,,leray-hopf-notes,pr_review,108,4731256807,reconstructed,low,n/a,candidates:2,"Q1 negative (no tool-role messages / connector payload in the export; see extractor inventory.json): every tier below exact-id/exact-body is circumstantial text-based evidence, not a direct attestation of a Connector write. pr_review rows are not filterable by connector routing (Reviews API omits performed_via_github_app) and are excluded from the connector-routed universe count. See analysis/connector-linkage-methodology.md."
9eb009970f3a40f6,,leray-hopf-notes,pr_review,108,4731286585,reconstructed,low,n/a,candidates:2,"Q1 negative (no tool-role messages / connector payload in the export; see extractor inventory.json): every tier below exact-id/exact-body is circumstantial text-based evidence, not a direct attestation of a Connector write. pr_review rows are not filterable by connector routing (Reviews API omits performed_via_github_app) and are excluded from the connector-routed universe count. See analysis/connector-linkage-methodology.md."
9eb009970f3a40f6,2026-07-19T17:47:52+00:00,leray-hopf-notes,pr_review,106,4731206864,time-and-context,medium,not-found,,"Q1 negative (no tool-role messages / connector payload in the export; see extractor inventory.json): every tier below exact-id/exact-body is circumstantial text-based evidence, not a direct attestation of a Connector write. pr_review rows are not filterable by connector routing (Reviews API omits performed_via_github_app) and are excluded from the connector-routed universe count. See analysis/connector-linkage-methodology.md."
9eb009970f3a40f6,,leray-hopf-notes,pr_review,106,4731754778,reconstructed,low,n/a,candidates:2,"Q1 negative (no tool-role messages / connector payload in the export; see extractor inventory.json): every tier below exact-id/exact-body is circumstantial text-based evidence, not a direct attestation of a Connector write. pr_review rows are not filterable by connector routing (Reviews API omits performed_via_github_app) and are excluded from the connector-routed universe count. See analysis/connector-linkage-methodology.md."
9eb009970f3a40f6,2026-07-19T11:51:27+00:00,leray-hopf-notes,pr_review,104,4730691736,time-and-context,medium,not-found,,"Q1 negative (no tool-role messages / connector payload in the export; see extractor inventory.json): every tier below exact-id/exact-body is circumstantial text-based evidence, not a direct attestation of a Connector write. pr_review rows are not filterable by connector routing (Reviews API omits performed_via_github_app) and are excluded from the connector-routed universe count. See analysis/connector-linkage-methodology.md."
9eb009970f3a40f6,2026-07-19T11:51:27+00:00,leray-hopf-notes,pr_review,104,4730697376,time-and-context,medium,not-found,mentions:2,"Q1 negative (no tool-role messages / connector payload in the export; see extractor inventory.json): every tier below exact-id/exact-body is circumstantial text-based evidence, not a direct attestation of a Connector write. pr_review rows are not filterable by connector routing (Reviews API omits performed_via_github_app) and are excluded from the connector-routed universe count. See analysis/connector-linkage-methodology.md."
9eb009970f3a40f6,2026-07-19T12:53:20+00:00,leray-hopf-notes,pr_review,104,4730777392,time-and-context,medium,not-found,,"Q1 negative (no tool-role messages / connector payload in the export; see extractor inventory.json): every tier below exact-id/exact-body is circumstantial text-based evidence, not a direct attestation of a Connector write. pr_review rows are not filterable by connector routing (Reviews API omits performed_via_github_app) and are excluded from the connector-routed universe count. See analysis/connector-linkage-methodology.md."
9eb009970f3a40f6,2026-07-19T10:51:16+00:00,leray-hopf-notes,pr_review,103,4730615915,time-and-context,medium,not-found,,"Q1 negative (no tool-role messages / connector payload in the export; see extractor inventory.json): every tier below exact-id/exact-body is circumstantial text-based evidence, not a direct attestation of a Connector write. pr_review rows are not filterable by connector routing (Reviews API omits performed_via_github_app) and are excluded from the connector-routed universe count. See analysis/connector-linkage-methodology.md."
9eb009970f3a40f6,2026-07-19T10:51:16+00:00,leray-hopf-notes,pr_review,103,4730625638,time-and-context,medium,not-found,mentions:2,"Q1 negative (no tool-role messages / connector payload in the export; see extractor inventory.json): every tier below exact-id/exact-body is circumstantial text-based evidence, not a direct attestation of a Connector write. pr_review rows are not filterable by connector routing (Reviews API omits performed_via_github_app) and are excluded from the connector-routed universe count. See analysis/connector-linkage-methodology.md."
9eb009970f3a40f6,2026-07-19T10:51:16+00:00,leray-hopf-notes,pr_review,103,4730691680,time-and-context,medium,not-found,mentions:2,"Q1 negative (no tool-role messages / connector payload in the export; see extractor inventory.json): every tier below exact-id/exact-body is circumstantial text-based evidence, not a direct attestation of a Connector write. pr_review rows are not filterable by connector routing (Reviews API omits performed_via_github_app) and are excluded from the connector-routed universe count. See analysis/connector-linkage-methodology.md."
9eb009970f3a40f6,2026-07-19T10:51:16+00:00,leray-hopf-notes,pr_review,102,4730615743,time-and-context,medium,not-found,,"Q1 negative (no tool-role messages / connector payload in the export; see extractor inventory.json): every tier below exact-id/exact-body is circumstantial text-based evidence, not a direct attestation of a Connector write. pr_review rows are not filterable by connector routing (Reviews API omits performed_via_github_app) and are excluded from the connector-routed universe count. See analysis/connector-linkage-methodology.md."
9eb009970f3a40f6,2026-07-19T10:51:16+00:00,leray-hopf-notes,pr_review,99,4730615782,time-and-context,medium,not-found,,"Q1 negative (no tool-role messages / connector payload in the export; see extractor inventory.json): every tier below exact-id/exact-body is circumstantial text-based evidence, not a direct attestation of a Connector write. pr_review rows are not filterable by connector routing (Reviews API omits performed_via_github_app) and are excluded from the connector-routed universe count. See analysis/connector-linkage-methodology.md."
9eb009970f3a40f6,2026-07-19T10:51:16+00:00,leray-hopf-notes,pr_review,99,4730627111,time-and-context,medium,not-found,mentions:2,"Q1 negative (no tool-role messages / connector payload in the export; see extractor inventory.json): every tier below exact-id/exact-body is circumstantial text-based evidence, not a direct attestation of a Connector write. pr_review rows are not filterable by connector routing (Reviews API omits performed_via_github_app) and are excluded from the connector-routed universe count. See analysis/connector-linkage-methodology.md."
9eb009970f3a40f6,2026-07-19T10:51:16+00:00,leray-hopf-notes,pr_review,99,4730627142,time-and-context,medium,not-found,mentions:2,"Q1 negative (no tool-role messages / connector payload in the export; see extractor inventory.json): every tier below exact-id/exact-body is circumstantial text-based evidence, not a direct attestation of a Connector write. pr_review rows are not filterable by connector routing (Reviews API omits performed_via_github_app) and are excluded from the connector-routed universe count. See analysis/connector-linkage-methodology.md."
9eb009970f3a40f6,2026-07-19T10:51:16+00:00,leray-hopf-notes,pr_review,99,4730691624,time-and-context,medium,not-found,mentions:2,"Q1 negative (no tool-role messages / connector payload in the export; see extractor inventory.json): every tier below exact-id/exact-body is circumstantial text-based evidence, not a direct attestation of a Connector write. pr_review rows are not filterable by connector routing (Reviews API omits performed_via_github_app) and are excluded from the connector-routed universe count. See analysis/connector-linkage-methodology.md."
0d23e7a7b6123395,2026-07-19T10:15:12+00:00,leray-hopf-notes,pr_review,95,4730499059,time-and-context,medium,yes,,"Q1 negative (no tool-role messages / connector payload in the export; see extractor inventory.json): every tier below exact-id/exact-body is circumstantial text-based evidence, not a direct attestation of a Connector write. pr_review rows are not filterable by connector routing (Reviews API omits performed_via_github_app) and are excluded from the connector-routed universe count. See analysis/connector-linkage-methodology.md."
0d23e7a7b6123395,2026-07-19T10:15:12+00:00,leray-hopf-notes,pr_review,95,4730530025,time-and-context,medium,yes,mentions:2,"Q1 negative (no tool-role messages / connector payload in the export; see extractor inventory.json): every tier below exact-id/exact-body is circumstantial text-based evidence, not a direct attestation of a Connector write. pr_review rows are not filterable by connector routing (Reviews API omits performed_via_github_app) and are excluded from the connector-routed universe count. See analysis/connector-linkage-methodology.md."
0d23e7a7b6123395,2026-07-19T10:15:12+00:00,leray-hopf-notes,pr_review,95,4730532838,time-and-context,medium,yes,mentions:2,"Q1 negative (no tool-role messages / connector payload in the export; see extractor inventory.json): every tier below exact-id/exact-body is circumstantial text-based evidence, not a direct attestation of a Connector write. pr_review rows are not filterable by connector routing (Reviews API omits performed_via_github_app) and are excluded from the connector-routed universe count. See analysis/connector-linkage-methodology.md."
9eb009970f3a40f6,2026-07-19T04:48:21+00:00,leray-hopf-notes,pr_review,94,4729973468,time-and-context,medium,not-found,,"Q1 negative (no tool-role messages / connector payload in the export; see extractor inventory.json): every tier below exact-id/exact-body is circumstantial text-based evidence, not a direct attestation of a Connector write. pr_review rows are not filterable by connector routing (Reviews API omits performed_via_github_app) and are excluded from the connector-routed universe count. See analysis/connector-linkage-methodology.md."
9eb009970f3a40f6,2026-07-19T04:48:21+00:00,leray-hopf-notes,pr_review,94,4730078201,time-and-context,medium,not-found,,"Q1 negative (no tool-role messages / connector payload in the export; see extractor inventory.json): every tier below exact-id/exact-body is circumstantial text-based evidence, not a direct attestation of a Connector write. pr_review rows are not filterable by connector routing (Reviews API omits performed_via_github_app) and are excluded from the connector-routed universe count. See analysis/connector-linkage-methodology.md."
9eb009970f3a40f6,2026-07-19T05:50:13+00:00,leray-hopf-notes,pr_review,94,4730195754,time-and-context,medium,not-found,,"Q1 negative (no tool-role messages / connector payload in the export; see extractor inventory.json): every tier below exact-id/exact-body is circumstantial text-based evidence, not a direct attestation of a Connector write. pr_review rows are not filterable by connector routing (Reviews API omits performed_via_github_app) and are excluded from the connector-routed universe count. See analysis/connector-linkage-methodology.md."
9eb009970f3a40f6,2026-07-19T08:44:11+00:00,leray-hopf-notes,pr_review,94,4730410515,time-and-context,medium,not-found,,"Q1 negative (no tool-role messages / connector payload in the export; see extractor inventory.json): every tier below exact-id/exact-body is circumstantial text-based evidence, not a direct attestation of a Connector write. pr_review rows are not filterable by connector routing (Reviews API omits performed_via_github_app) and are excluded from the connector-routed universe count. See analysis/connector-linkage-methodology.md."
9eb009970f3a40f6,2026-07-19T08:44:11+00:00,leray-hopf-notes,pr_review,94,4730434093,time-and-context,medium,not-found,,"Q1 negative (no tool-role messages / connector payload in the export; see extractor inventory.json): every tier below exact-id/exact-body is circumstantial text-based evidence, not a direct attestation of a Connector write. pr_review rows are not filterable by connector routing (Reviews API omits performed_via_github_app) and are excluded from the connector-routed universe count. See analysis/connector-linkage-methodology.md."
9eb009970f3a40f6,2026-07-19T04:48:21+00:00,leray-hopf-notes,pr_review,93,4730078041,time-and-context,medium,not-found,,"Q1 negative (no tool-role messages / connector payload in the export; see extractor inventory.json): every tier below exact-id/exact-body is circumstantial text-based evidence, not a direct attestation of a Connector write. pr_review rows are not filterable by connector routing (Reviews API omits performed_via_github_app) and are excluded from the connector-routed universe count. See analysis/connector-linkage-methodology.md."
9eb009970f3a40f6,2026-07-19T04:48:21+00:00,leray-hopf-notes,pr_review,93,4730090625,time-and-context,medium,not-found,mentions:2,"Q1 negative (no tool-role messages / connector payload in the export; see extractor inventory.json): every tier below exact-id/exact-body is circumstantial text-based evidence, not a direct attestation of a Connector write. pr_review rows are not filterable by connector routing (Reviews API omits performed_via_github_app) and are excluded from the connector-routed universe count. See analysis/connector-linkage-methodology.md."
9eb009970f3a40f6,2026-07-19T04:48:21+00:00,leray-hopf-notes,pr_review,93,4730090670,time-and-context,medium,not-found,mentions:2,"Q1 negative (no tool-role messages / connector payload in the export; see extractor inventory.json): every tier below exact-id/exact-body is circumstantial text-based evidence, not a direct attestation of a Connector write. pr_review rows are not filterable by connector routing (Reviews API omits performed_via_github_app) and are excluded from the connector-routed universe count. See analysis/connector-linkage-methodology.md."
9eb009970f3a40f6,2026-07-19T05:50:13+00:00,leray-hopf-notes,pr_review,93,4730195718,time-and-context,medium,not-found,,"Q1 negative (no tool-role messages / connector payload in the export; see extractor inventory.json): every tier below exact-id/exact-body is circumstantial text-based evidence, not a direct attestation of a Connector write. pr_review rows are not filterable by connector routing (Reviews API omits performed_via_github_app) and are excluded from the connector-routed universe count. See analysis/connector-linkage-methodology.md."
9eb009970f3a40f6,2026-07-18T03:49:43+00:00,leray-hopf-notes,pr_review,92,4727577326,time-and-context,medium,not-found,,"Q1 negative (no tool-role messages / connector payload in the export; see extractor inventory.json): every tier below exact-id/exact-body is circumstantial text-based evidence, not a direct attestation of a Connector write. pr_review rows are not filterable by connector routing (Reviews API omits performed_via_github_app) and are excluded from the connector-routed universe count. See analysis/connector-linkage-methodology.md."
9eb009970f3a40f6,2026-07-18T01:46:29+00:00,leray-hopf-notes,pr_review,91,4727276733,time-and-context,medium,not-found,,"Q1 negative (no tool-role messages / connector payload in the export; see extractor inventory.json): every tier below exact-id/exact-body is circumstantial text-based evidence, not a direct attestation of a Connector write. pr_review rows are not filterable by connector routing (Reviews API omits performed_via_github_app) and are excluded from the connector-routed universe count. See analysis/connector-linkage-methodology.md."
9eb009970f3a40f6,2026-07-18T01:46:29+00:00,leray-hopf-notes,pr_review,91,4727333157,time-and-context,medium,not-found,,"Q1 negative (no tool-role messages / connector payload in the export; see extractor inventory.json): every tier below exact-id/exact-body is circumstantial text-based evidence, not a direct attestation of a Connector write. pr_review rows are not filterable by connector routing (Reviews API omits performed_via_github_app) and are excluded from the connector-routed universe count. See analysis/connector-linkage-methodology.md."
9eb009970f3a40f6,2026-07-18T01:46:29+00:00,leray-hopf-notes,pr_review,91,4727363918,time-and-context,medium,not-found,mentions:2,"Q1 negative (no tool-role messages / connector payload in the export; see extractor inventory.json): every tier below exact-id/exact-body is circumstantial text-based evidence, not a direct attestation of a Connector write. pr_review rows are not filterable by connector routing (Reviews API omits performed_via_github_app) and are excluded from the connector-routed universe count. See analysis/connector-linkage-methodology.md."
9eb009970f3a40f6,2026-07-18T01:46:29+00:00,leray-hopf-notes,pr_review,91,4727364053,time-and-context,medium,not-found,mentions:2,"Q1 negative (no tool-role messages / connector payload in the export; see extractor inventory.json): every tier below exact-id/exact-body is circumstantial text-based evidence, not a direct attestation of a Connector write. pr_review rows are not filterable by connector routing (Reviews API omits performed_via_github_app) and are excluded from the connector-routed universe count. See analysis/connector-linkage-methodology.md."
9eb009970f3a40f6,2026-07-18T01:46:29+00:00,leray-hopf-notes,pr_review,91,4727364184,time-and-context,medium,not-found,mentions:2,"Q1 negative (no tool-role messages / connector payload in the export; see extractor inventory.json): every tier below exact-id/exact-body is circumstantial text-based evidence, not a direct attestation of a Connector write. pr_review rows are not filterable by connector routing (Reviews API omits performed_via_github_app) and are excluded from the connector-routed universe count. See analysis/connector-linkage-methodology.md."
9eb009970f3a40f6,2026-07-18T01:46:29+00:00,leray-hopf-notes,pr_review,91,4727364308,time-and-context,medium,not-found,mentions:2,"Q1 negative (no tool-role messages / connector payload in the export; see extractor inventory.json): every tier below exact-id/exact-body is circumstantial text-based evidence, not a direct attestation of a Connector write. pr_review rows are not filterable by connector routing (Reviews API omits performed_via_github_app) and are excluded from the connector-routed universe count. See analysis/connector-linkage-methodology.md."
9eb009970f3a40f6,2026-07-18T02:47:11+00:00,leray-hopf-notes,pr_review,91,4727449129,time-and-context,medium,not-found,,"Q1 negative (no tool-role messages / connector payload in the export; see extractor inventory.json): every tier below exact-id/exact-body is circumstantial text-based evidence, not a direct attestation of a Connector write. pr_review rows are not filterable by connector routing (Reviews API omits performed_via_github_app) and are excluded from the connector-routed universe count. See analysis/connector-linkage-methodology.md."
9eb009970f3a40f6,2026-07-17T22:53:19+00:00,leray-hopf-notes,pr_review,90,4726562967,time-and-context,medium,not-found,,"Q1 negative (no tool-role messages / connector payload in the export; see extractor inventory.json): every tier below exact-id/exact-body is circumstantial text-based evidence, not a direct attestation of a Connector write. pr_review rows are not filterable by connector routing (Reviews API omits performed_via_github_app) and are excluded from the connector-routed universe count. See analysis/connector-linkage-methodology.md."
9eb009970f3a40f6,2026-07-17T22:53:19+00:00,leray-hopf-notes,pr_review,90,4726711134,time-and-context,medium,not-found,mentions:2,"Q1 negative (no tool-role messages / connector payload in the export; see extractor inventory.json): every tier below exact-id/exact-body is circumstantial text-based evidence, not a direct attestation of a Connector write. pr_review rows are not filterable by connector routing (Reviews API omits performed_via_github_app) and are excluded from the connector-routed universe count. See analysis/connector-linkage-methodology.md."
9eb009970f3a40f6,2026-07-17T22:53:19+00:00,leray-hopf-notes,pr_review,90,4726800805,time-and-context,medium,not-found,mentions:2,"Q1 negative (no tool-role messages / connector payload in the export; see extractor inventory.json): every tier below exact-id/exact-body is circumstantial text-based evidence, not a direct attestation of a Connector write. pr_review rows are not filterable by connector routing (Reviews API omits performed_via_github_app) and are excluded from the connector-routed universe count. See analysis/connector-linkage-methodology.md."
9eb009970f3a40f6,2026-07-17T22:53:19+00:00,leray-hopf-notes,pr_review,90,4726801772,time-and-context,medium,not-found,mentions:2,"Q1 negative (no tool-role messages / connector payload in the export; see extractor inventory.json): every tier below exact-id/exact-body is circumstantial text-based evidence, not a direct attestation of a Connector write. pr_review rows are not filterable by connector routing (Reviews API omits performed_via_github_app) and are excluded from the connector-routed universe count. See analysis/connector-linkage-methodology.md."
9eb009970f3a40f6,2026-07-17T22:53:19+00:00,leray-hopf-notes,pr_review,90,4726802746,time-and-context,medium,not-found,mentions:2,"Q1 negative (no tool-role messages / connector payload in the export; see extractor inventory.json): every tier below exact-id/exact-body is circumstantial text-based evidence, not a direct attestation of a Connector write. pr_review rows are not filterable by connector routing (Reviews API omits performed_via_github_app) and are excluded from the connector-routed universe count. See analysis/connector-linkage-methodology.md."
9eb009970f3a40f6,2026-07-17T22:53:19+00:00,leray-hopf-notes,pr_review,90,4727002502,time-and-context,medium,not-found,mentions:3,"Q1 negative (no tool-role messages / connector payload in the export; see extractor inventory.json): every tier below exact-id/exact-body is circumstantial text-based evidence, not a direct attestation of a Connector write. pr_review rows are not filterable by connector routing (Reviews API omits performed_via_github_app) and are excluded from the connector-routed universe count. See analysis/connector-linkage-methodology.md."
9eb009970f3a40f6,2026-07-17T23:49:47+00:00,leray-hopf-notes,pr_review,90,4727039610,time-and-context,medium,not-found,mentions:2,"Q1 negative (no tool-role messages / connector payload in the export; see extractor inventory.json): every tier below exact-id/exact-body is circumstantial text-based evidence, not a direct attestation of a Connector write. pr_review rows are not filterable by connector routing (Reviews API omits performed_via_github_app) and are excluded from the connector-routed universe count. See analysis/connector-linkage-methodology.md."
9eb009970f3a40f6,2026-07-17T23:49:47+00:00,leray-hopf-notes,pr_review,90,4727040003,time-and-context,medium,not-found,mentions:2,"Q1 negative (no tool-role messages / connector payload in the export; see extractor inventory.json): every tier below exact-id/exact-body is circumstantial text-based evidence, not a direct attestation of a Connector write. pr_review rows are not filterable by connector routing (Reviews API omits performed_via_github_app) and are excluded from the connector-routed universe count. See analysis/connector-linkage-methodology.md."
9eb009970f3a40f6,2026-07-17T23:49:47+00:00,leray-hopf-notes,pr_review,90,4727040380,time-and-context,medium,not-found,mentions:2,"Q1 negative (no tool-role messages / connector payload in the export; see extractor inventory.json): every tier below exact-id/exact-body is circumstantial text-based evidence, not a direct attestation of a Connector write. pr_review rows are not filterable by connector routing (Reviews API omits performed_via_github_app) and are excluded from the connector-routed universe count. See analysis/connector-linkage-methodology.md."
9eb009970f3a40f6,2026-07-17T23:49:47+00:00,leray-hopf-notes,pr_review,90,4727040655,time-and-context,medium,not-found,mentions:2,"Q1 negative (no tool-role messages / connector payload in the export; see extractor inventory.json): every tier below exact-id/exact-body is circumstantial text-based evidence, not a direct attestation of a Connector write. pr_review rows are not filterable by connector routing (Reviews API omits performed_via_github_app) and are excluded from the connector-routed universe count. See analysis/connector-linkage-methodology.md."
9eb009970f3a40f6,2026-07-17T23:49:47+00:00,leray-hopf-notes,pr_review,90,4727130992,time-and-context,medium,not-found,mentions:2,"Q1 negative (no tool-role messages / connector payload in the export; see extractor inventory.json): every tier below exact-id/exact-body is circumstantial text-based evidence, not a direct attestation of a Connector write. pr_review rows are not filterable by connector routing (Reviews API omits performed_via_github_app) and are excluded from the connector-routed universe count. See analysis/connector-linkage-methodology.md."
9eb009970f3a40f6,2026-07-17T19:46:15+00:00,leray-hopf-notes,pr_review,89,4725481544,time-and-context,medium,not-found,,"Q1 negative (no tool-role messages / connector payload in the export; see extractor inventory.json): every tier below exact-id/exact-body is circumstantial text-based evidence, not a direct attestation of a Connector write. pr_review rows are not filterable by connector routing (Reviews API omits performed_via_github_app) and are excluded from the connector-routed universe count. See analysis/connector-linkage-methodology.md."
9eb009970f3a40f6,2026-07-17T19:46:15+00:00,leray-hopf-notes,pr_review,89,4725638351,time-and-context,medium,not-found,,"Q1 negative (no tool-role messages / connector payload in the export; see extractor inventory.json): every tier below exact-id/exact-body is circumstantial text-based evidence, not a direct attestation of a Connector write. pr_review rows are not filterable by connector routing (Reviews API omits performed_via_github_app) and are excluded from the connector-routed universe count. See analysis/connector-linkage-methodology.md."
9eb009970f3a40f6,2026-07-17T19:46:15+00:00,leray-hopf-notes,pr_review,89,4725725598,time-and-context,medium,not-found,mentions:2,"Q1 negative (no tool-role messages / connector payload in the export; see extractor inventory.json): every tier below exact-id/exact-body is circumstantial text-based evidence, not a direct attestation of a Connector write. pr_review rows are not filterable by connector routing (Reviews API omits performed_via_github_app) and are excluded from the connector-routed universe count. See analysis/connector-linkage-methodology.md."
9eb009970f3a40f6,2026-07-17T19:46:15+00:00,leray-hopf-notes,pr_review,89,4725725922,time-and-context,medium,not-found,mentions:2,"Q1 negative (no tool-role messages / connector payload in the export; see extractor inventory.json): every tier below exact-id/exact-body is circumstantial text-based evidence, not a direct attestation of a Connector write. pr_review rows are not filterable by connector routing (Reviews API omits performed_via_github_app) and are excluded from the connector-routed universe count. See analysis/connector-linkage-methodology.md."
9eb009970f3a40f6,2026-07-17T20:49:48+00:00,leray-hopf-notes,pr_review,89,4725987595,time-and-context,medium,not-found,,"Q1 negative (no tool-role messages / connector payload in the export; see extractor inventory.json): every tier below exact-id/exact-body is circumstantial text-based evidence, not a direct attestation of a Connector write. pr_review rows are not filterable by connector routing (Reviews API omits performed_via_github_app) and are excluded from the connector-routed universe count. See analysis/connector-linkage-methodology.md."
9eb009970f3a40f6,2026-07-17T21:50:49+00:00,leray-hopf-notes,pr_review,89,4726334183,time-and-context,medium,not-found,,"Q1 negative (no tool-role messages / connector payload in the export; see extractor inventory.json): every tier below exact-id/exact-body is circumstantial text-based evidence, not a direct attestation of a Connector write. pr_review rows are not filterable by connector routing (Reviews API omits performed_via_github_app) and are excluded from the connector-routed universe count. See analysis/connector-linkage-methodology.md."
9eb009970f3a40f6,2026-07-17T16:53:38+00:00,leray-hopf-notes,pr_review,88,4724181998,time-and-context,medium,not-found,,"Q1 negative (no tool-role messages / connector payload in the export; see extractor inventory.json): every tier below exact-id/exact-body is circumstantial text-based evidence, not a direct attestation of a Connector write. pr_review rows are not filterable by connector routing (Reviews API omits performed_via_github_app) and are excluded from the connector-routed universe count. See analysis/connector-linkage-methodology.md."
9eb009970f3a40f6,2026-07-17T16:53:38+00:00,leray-hopf-notes,pr_review,88,4724563356,time-and-context,medium,not-found,,"Q1 negative (no tool-role messages / connector payload in the export; see extractor inventory.json): every tier below exact-id/exact-body is circumstantial text-based evidence, not a direct attestation of a Connector write. pr_review rows are not filterable by connector routing (Reviews API omits performed_via_github_app) and are excluded from the connector-routed universe count. See analysis/connector-linkage-methodology.md."
9eb009970f3a40f6,2026-07-17T16:53:38+00:00,leray-hopf-notes,pr_review,88,4724641994,time-and-context,medium,not-found,,"Q1 negative (no tool-role messages / connector payload in the export; see extractor inventory.json): every tier below exact-id/exact-body is circumstantial text-based evidence, not a direct attestation of a Connector write. pr_review rows are not filterable by connector routing (Reviews API omits performed_via_github_app) and are excluded from the connector-routed universe count. See analysis/connector-linkage-methodology.md."
9eb009970f3a40f6,2026-07-17T16:53:38+00:00,leray-hopf-notes,pr_review,88,4724642134,time-and-context,medium,not-found,,"Q1 negative (no tool-role messages / connector payload in the export; see extractor inventory.json): every tier below exact-id/exact-body is circumstantial text-based evidence, not a direct attestation of a Connector write. pr_review rows are not filterable by connector routing (Reviews API omits performed_via_github_app) and are excluded from the connector-routed universe count. See analysis/connector-linkage-methodology.md."
9eb009970f3a40f6,2026-07-17T16:53:38+00:00,leray-hopf-notes,pr_review,88,4724642279,time-and-context,medium,not-found,,"Q1 negative (no tool-role messages / connector payload in the export; see extractor inventory.json): every tier below exact-id/exact-body is circumstantial text-based evidence, not a direct attestation of a Connector write. pr_review rows are not filterable by connector routing (Reviews API omits performed_via_github_app) and are excluded from the connector-routed universe count. See analysis/connector-linkage-methodology.md."
9eb009970f3a40f6,2026-07-17T18:23:11+00:00,leray-hopf-notes,pr_review,88,4725119724,time-and-context,medium,not-found,,"Q1 negative (no tool-role messages / connector payload in the export; see extractor inventory.json): every tier below exact-id/exact-body is circumstantial text-based evidence, not a direct attestation of a Connector write. pr_review rows are not filterable by connector routing (Reviews API omits performed_via_github_app) and are excluded from the connector-routed universe count. See analysis/connector-linkage-methodology.md."
0d23e7a7b6123395,2026-07-17T12:26:55+00:00,leray-hopf-notes,pr_review,87,4722469994,time-and-context,medium,yes,,"Q1 negative (no tool-role messages / connector payload in the export; see extractor inventory.json): every tier below exact-id/exact-body is circumstantial text-based evidence, not a direct attestation of a Connector write. pr_review rows are not filterable by connector routing (Reviews API omits performed_via_github_app) and are excluded from the connector-routed universe count. See analysis/connector-linkage-methodology.md."
acf27d63d27a8471,,leray-hopf-notes,pr_review,85,4720499916,reconstructed,low,n/a,candidates:2,"Q1 negative (no tool-role messages / connector payload in the export; see extractor inventory.json): every tier below exact-id/exact-body is circumstantial text-based evidence, not a direct attestation of a Connector write. pr_review rows are not filterable by connector routing (Reviews API omits performed_via_github_app) and are excluded from the connector-routed universe count. See analysis/connector-linkage-methodology.md."
acf27d63d27a8471,,leray-hopf-notes,pr_review,85,4722088932,reconstructed,low,n/a,candidates:2,"Q1 negative (no tool-role messages / connector payload in the export; see extractor inventory.json): every tier below exact-id/exact-body is circumstantial text-based evidence, not a direct attestation of a Connector write. pr_review rows are not filterable by connector routing (Reviews API omits performed_via_github_app) and are excluded from the connector-routed universe count. See analysis/connector-linkage-methodology.md."
acf27d63d27a8471,,leray-hopf-notes,pr_review,84,4720386017,reconstructed,low,n/a,candidates:2,"Q1 negative (no tool-role messages / connector payload in the export; see extractor inventory.json): every tier below exact-id/exact-body is circumstantial text-based evidence, not a direct attestation of a Connector write. pr_review rows are not filterable by connector routing (Reviews API omits performed_via_github_app) and are excluded from the connector-routed universe count. See analysis/connector-linkage-methodology.md."
acf27d63d27a8471,,leray-hopf-notes,pr_review,84,4720418554,reconstructed,low,n/a,candidates:2,"Q1 negative (no tool-role messages / connector payload in the export; see extractor inventory.json): every tier below exact-id/exact-body is circumstantial text-based evidence, not a direct attestation of a Connector write. pr_review rows are not filterable by connector routing (Reviews API omits performed_via_github_app) and are excluded from the connector-routed universe count. See analysis/connector-linkage-methodology.md."
acf27d63d27a8471,,leray-hopf-notes,pr_review,83,4720265822,reconstructed,low,n/a,candidates:2,"Q1 negative (no tool-role messages / connector payload in the export; see extractor inventory.json): every tier below exact-id/exact-body is circumstantial text-based evidence, not a direct attestation of a Connector write. pr_review rows are not filterable by connector routing (Reviews API omits performed_via_github_app) and are excluded from the connector-routed universe count. See analysis/connector-linkage-methodology.md."
acf27d63d27a8471,,leray-hopf-notes,pr_review,83,4722090097,reconstructed,low,n/a,candidates:2,"Q1 negative (no tool-role messages / connector payload in the export; see extractor inventory.json): every tier below exact-id/exact-body is circumstantial text-based evidence, not a direct attestation of a Connector write. pr_review rows are not filterable by connector routing (Reviews API omits performed_via_github_app) and are excluded from the connector-routed universe count. See analysis/connector-linkage-methodology.md."
acf27d63d27a8471,,leray-hopf-notes,pr_review,81,4720081174,reconstructed,low,n/a,candidates:2,"Q1 negative (no tool-role messages / connector payload in the export; see extractor inventory.json): every tier below exact-id/exact-body is circumstantial text-based evidence, not a direct attestation of a Connector write. pr_review rows are not filterable by connector routing (Reviews API omits performed_via_github_app) and are excluded from the connector-routed universe count. See analysis/connector-linkage-methodology.md."
acf27d63d27a8471,,leray-hopf-notes,pr_review,81,4720110583,reconstructed,low,n/a,candidates:2,"Q1 negative (no tool-role messages / connector payload in the export; see extractor inventory.json): every tier below exact-id/exact-body is circumstantial text-based evidence, not a direct attestation of a Connector write. pr_review rows are not filterable by connector routing (Reviews API omits performed_via_github_app) and are excluded from the connector-routed universe count. See analysis/connector-linkage-methodology.md."
acf27d63d27a8471,,leray-hopf-notes,pr_review,81,4720110721,reconstructed,low,n/a,candidates:2,"Q1 negative (no tool-role messages / connector payload in the export; see extractor inventory.json): every tier below exact-id/exact-body is circumstantial text-based evidence, not a direct attestation of a Connector write. pr_review rows are not filterable by connector routing (Reviews API omits performed_via_github_app) and are excluded from the connector-routed universe count. See analysis/connector-linkage-methodology.md."
acf27d63d27a8471,,leray-hopf-notes,pr_review,80,4720015092,reconstructed,low,n/a,candidates:2,"Q1 negative (no tool-role messages / connector payload in the export; see extractor inventory.json): every tier below exact-id/exact-body is circumstantial text-based evidence, not a direct attestation of a Connector write. pr_review rows are not filterable by connector routing (Reviews API omits performed_via_github_app) and are excluded from the connector-routed universe count. See analysis/connector-linkage-methodology.md."
acf27d63d27a8471,,leray-hopf-notes,pr_review,80,4720162862,reconstructed,low,n/a,candidates:2,"Q1 negative (no tool-role messages / connector payload in the export; see extractor inventory.json): every tier below exact-id/exact-body is circumstantial text-based evidence, not a direct attestation of a Connector write. pr_review rows are not filterable by connector routing (Reviews API omits performed_via_github_app) and are excluded from the connector-routed universe count. See analysis/connector-linkage-methodology.md."
acf27d63d27a8471,,leray-hopf-notes,pr_review,61,4714669717,reconstructed,low,n/a,,"Q1 negative (no tool-role messages / connector payload in the export; see extractor inventory.json): every tier below exact-id/exact-body is circumstantial text-based evidence, not a direct attestation of a Connector write. pr_review rows are not filterable by connector routing (Reviews API omits performed_via_github_app) and are excluded from the connector-routed universe count. See analysis/connector-linkage-methodology.md."
2e1aa982692ee505,2026-07-16T04:08:36+00:00,leray-hopf-notes,pr_review,59,4710323039,time-and-context,medium,yes,alias:lean-pde-notes,"Q1 negative (no tool-role messages / connector payload in the export; see extractor inventory.json): every tier below exact-id/exact-body is circumstantial text-based evidence, not a direct attestation of a Connector write. pr_review rows are not filterable by connector routing (Reviews API omits performed_via_github_app) and are excluded from the connector-routed universe count. See analysis/connector-linkage-methodology.md."
2e1aa982692ee505,2026-07-16T04:08:36+00:00,leray-hopf-notes,pr_review,59,4710342978,time-and-context,medium,yes,alias:lean-pde-notes,"Q1 negative (no tool-role messages / connector payload in the export; see extractor inventory.json): every tier below exact-id/exact-body is circumstantial text-based evidence, not a direct attestation of a Connector write. pr_review rows are not filterable by connector routing (Reviews API omits performed_via_github_app) and are excluded from the connector-routed universe count. See analysis/connector-linkage-methodology.md."
2e1aa982692ee505,2026-07-16T04:08:36+00:00,leray-hopf-notes,pr_review,59,4710382219,exact-id,high,yes,alias:lean-pde-notes,"Q1 negative (no tool-role messages / connector payload in the export; see extractor inventory.json): every tier below exact-id/exact-body is circumstantial text-based evidence, not a direct attestation of a Connector write. pr_review rows are not filterable by connector routing (Reviews API omits performed_via_github_app) and are excluded from the connector-routed universe count. See analysis/connector-linkage-methodology.md."
2e1aa982692ee505,2026-07-16T04:08:36+00:00,leray-hopf-notes,pr_review,59,4710402128,time-and-context,medium,yes,mentions:2;alias:lean-pde-notes,"Q1 negative (no tool-role messages / connector payload in the export; see extractor inventory.json): every tier below exact-id/exact-body is circumstantial text-based evidence, not a direct attestation of a Connector write. pr_review rows are not filterable by connector routing (Reviews API omits performed_via_github_app) and are excluded from the connector-routed universe count. See analysis/connector-linkage-methodology.md."
2e1aa982692ee505,2026-07-16T04:08:36+00:00,leray-hopf-notes,pr_review,59,4710402181,time-and-context,medium,yes,mentions:2;alias:lean-pde-notes,"Q1 negative (no tool-role messages / connector payload in the export; see extractor inventory.json): every tier below exact-id/exact-body is circumstantial text-based evidence, not a direct attestation of a Connector write. pr_review rows are not filterable by connector routing (Reviews API omits performed_via_github_app) and are excluded from the connector-routed universe count. See analysis/connector-linkage-methodology.md."
2e1aa982692ee505,2026-07-16T04:08:36+00:00,leray-hopf-notes,pr_review,59,4710577646,time-and-context,medium,yes,mentions:2;alias:lean-pde-notes,"Q1 negative (no tool-role messages / connector payload in the export; see extractor inventory.json): every tier below exact-id/exact-body is circumstantial text-based evidence, not a direct attestation of a Connector write. pr_review rows are not filterable by connector routing (Reviews API omits performed_via_github_app) and are excluded from the connector-routed universe count. See analysis/connector-linkage-methodology.md."
2e1aa982692ee505,2026-07-16T03:03:01+00:00,leray-hopf-notes,pr_review,58,4709999777,time-and-context,medium,yes,mentions:3;alias:lean-pde-notes,"Q1 negative (no tool-role messages / connector payload in the export; see extractor inventory.json): every tier below exact-id/exact-body is circumstantial text-based evidence, not a direct attestation of a Connector write. pr_review rows are not filterable by connector routing (Reviews API omits performed_via_github_app) and are excluded from the connector-routed universe count. See analysis/connector-linkage-methodology.md."
2e1aa982692ee505,2026-07-16T03:03:01+00:00,leray-hopf-notes,pr_review,58,4710012072,time-and-context,medium,yes,mentions:3;alias:lean-pde-notes,"Q1 negative (no tool-role messages / connector payload in the export; see extractor inventory.json): every tier below exact-id/exact-body is circumstantial text-based evidence, not a direct attestation of a Connector write. pr_review rows are not filterable by connector routing (Reviews API omits performed_via_github_app) and are excluded from the connector-routed universe count. See analysis/connector-linkage-methodology.md."
2e1aa982692ee505,2026-07-16T03:03:01+00:00,leray-hopf-notes,pr_review,58,4710012122,time-and-context,medium,yes,mentions:3;alias:lean-pde-notes,"Q1 negative (no tool-role messages / connector payload in the export; see extractor inventory.json): every tier below exact-id/exact-body is circumstantial text-based evidence, not a direct attestation of a Connector write. pr_review rows are not filterable by connector routing (Reviews API omits performed_via_github_app) and are excluded from the connector-routed universe count. See analysis/connector-linkage-methodology.md."
2e1aa982692ee505,2026-07-16T03:03:01+00:00,leray-hopf-notes,pr_review,58,4710012183,time-and-context,medium,yes,mentions:3;alias:lean-pde-notes,"Q1 negative (no tool-role messages / connector payload in the export; see extractor inventory.json): every tier below exact-id/exact-body is circumstantial text-based evidence, not a direct attestation of a Connector write. pr_review rows are not filterable by connector routing (Reviews API omits performed_via_github_app) and are excluded from the connector-routed universe count. See analysis/connector-linkage-methodology.md."
2e1aa982692ee505,2026-07-16T03:03:01+00:00,leray-hopf-notes,pr_review,58,4710105146,exact-id,high,yes,alias:lean-pde-notes,"Q1 negative (no tool-role messages / connector payload in the export; see extractor inventory.json): every tier below exact-id/exact-body is circumstantial text-based evidence, not a direct attestation of a Connector write. pr_review rows are not filterable by connector routing (Reviews API omits performed_via_github_app) and are excluded from the connector-routed universe count. See analysis/connector-linkage-methodology.md."
2e1aa982692ee505,2026-07-16T03:03:01+00:00,leray-hopf-notes,pr_review,58,4710135372,time-and-context,medium,yes,mentions:3;alias:lean-pde-notes,"Q1 negative (no tool-role messages / connector payload in the export; see extractor inventory.json): every tier below exact-id/exact-body is circumstantial text-based evidence, not a direct attestation of a Connector write. pr_review rows are not filterable by connector routing (Reviews API omits performed_via_github_app) and are excluded from the connector-routed universe count. See analysis/connector-linkage-methodology.md."
2e1aa982692ee505,2026-07-16T03:03:01+00:00,leray-hopf-notes,pr_review,58,4710135426,time-and-context,medium,yes,mentions:3;alias:lean-pde-notes,"Q1 negative (no tool-role messages / connector payload in the export; see extractor inventory.json): every tier below exact-id/exact-body is circumstantial text-based evidence, not a direct attestation of a Connector write. pr_review rows are not filterable by connector routing (Reviews API omits performed_via_github_app) and are excluded from the connector-routed universe count. See analysis/connector-linkage-methodology.md."
2e1aa982692ee505,2026-07-16T03:03:01+00:00,leray-hopf-notes,pr_review,58,4710135516,time-and-context,medium,yes,mentions:3;alias:lean-pde-notes,"Q1 negative (no tool-role messages / connector payload in the export; see extractor inventory.json): every tier below exact-id/exact-body is circumstantial text-based evidence, not a direct attestation of a Connector write. pr_review rows are not filterable by connector routing (Reviews API omits performed_via_github_app) and are excluded from the connector-routed universe count. See analysis/connector-linkage-methodology.md."
2e1aa982692ee505,2026-07-16T03:03:01+00:00,leray-hopf-notes,pr_review,58,4710135616,time-and-context,medium,yes,mentions:3;alias:lean-pde-notes,"Q1 negative (no tool-role messages / connector payload in the export; see extractor inventory.json): every tier below exact-id/exact-body is circumstantial text-based evidence, not a direct attestation of a Connector write. pr_review rows are not filterable by connector routing (Reviews API omits performed_via_github_app) and are excluded from the connector-routed universe count. See analysis/connector-linkage-methodology.md."
2e1aa982692ee505,2026-07-16T03:03:01+00:00,leray-hopf-notes,pr_review,58,4710135674,time-and-context,medium,yes,mentions:3;alias:lean-pde-notes,"Q1 negative (no tool-role messages / connector payload in the export; see extractor inventory.json): every tier below exact-id/exact-body is circumstantial text-based evidence, not a direct attestation of a Connector write. pr_review rows are not filterable by connector routing (Reviews API omits performed_via_github_app) and are excluded from the connector-routed universe count. See analysis/connector-linkage-methodology.md."
2e1aa982692ee505,2026-07-16T03:03:01+00:00,leray-hopf-notes,pr_review,58,4710135746,time-and-context,medium,yes,mentions:3;alias:lean-pde-notes,"Q1 negative (no tool-role messages / connector payload in the export; see extractor inventory.json): every tier below exact-id/exact-body is circumstantial text-based evidence, not a direct attestation of a Connector write. pr_review rows are not filterable by connector routing (Reviews API omits performed_via_github_app) and are excluded from the connector-routed universe count. See analysis/connector-linkage-methodology.md."
2e1aa982692ee505,2026-07-16T03:03:01+00:00,leray-hopf-notes,pr_review,58,4710135821,time-and-context,medium,yes,mentions:3;alias:lean-pde-notes,"Q1 negative (no tool-role messages / connector payload in the export; see extractor inventory.json): every tier below exact-id/exact-body is circumstantial text-based evidence, not a direct attestation of a Connector write. pr_review rows are not filterable by connector routing (Reviews API omits performed_via_github_app) and are excluded from the connector-routed universe count. See analysis/connector-linkage-methodology.md."
2e1aa982692ee505,2026-07-16T03:18:17+00:00,leray-hopf-notes,pr_review,58,4710164455,exact-id,high,yes,alias:lean-pde-notes,"Q1 negative (no tool-role messages / connector payload in the export; see extractor inventory.json): every tier below exact-id/exact-body is circumstantial text-based evidence, not a direct attestation of a Connector write. pr_review rows are not filterable by connector routing (Reviews API omits performed_via_github_app) and are excluded from the connector-routed universe count. See analysis/connector-linkage-methodology.md."
2e1aa982692ee505,2026-07-16T03:03:01+00:00,leray-hopf-notes,pr_review,58,4710177241,time-and-context,medium,yes,mentions:3;alias:lean-pde-notes,"Q1 negative (no tool-role messages / connector payload in the export; see extractor inventory.json): every tier below exact-id/exact-body is circumstantial text-based evidence, not a direct attestation of a Connector write. pr_review rows are not filterable by connector routing (Reviews API omits performed_via_github_app) and are excluded from the connector-routed universe count. See analysis/connector-linkage-methodology.md."
2e1aa982692ee505,2026-07-16T03:03:01+00:00,leray-hopf-notes,pr_review,58,4710177350,time-and-context,medium,yes,mentions:3;alias:lean-pde-notes,"Q1 negative (no tool-role messages / connector payload in the export; see extractor inventory.json): every tier below exact-id/exact-body is circumstantial text-based evidence, not a direct attestation of a Connector write. pr_review rows are not filterable by connector routing (Reviews API omits performed_via_github_app) and are excluded from the connector-routed universe count. See analysis/connector-linkage-methodology.md."
2e1aa982692ee505,2026-07-16T03:03:01+00:00,leray-hopf-notes,pr_review,58,4710230775,time-and-context,medium,yes,mentions:3;alias:lean-pde-notes,"Q1 negative (no tool-role messages / connector payload in the export; see extractor inventory.json): every tier below exact-id/exact-body is circumstantial text-based evidence, not a direct attestation of a Connector write. pr_review rows are not filterable by connector routing (Reviews API omits performed_via_github_app) and are excluded from the connector-routed universe count. See analysis/connector-linkage-methodology.md."
acf27d63d27a8471,,leray-hopf-notes,pr_review,57,4706195986,reconstructed,low,n/a,candidates:2,"Q1 negative (no tool-role messages / connector payload in the export; see extractor inventory.json): every tier below exact-id/exact-body is circumstantial text-based evidence, not a direct attestation of a Connector write. pr_review rows are not filterable by connector routing (Reviews API omits performed_via_github_app) and are excluded from the connector-routed universe count. See analysis/connector-linkage-methodology.md."
acf27d63d27a8471,,leray-hopf-notes,pr_review,57,4706427066,reconstructed,low,n/a,candidates:2,"Q1 negative (no tool-role messages / connector payload in the export; see extractor inventory.json): every tier below exact-id/exact-body is circumstantial text-based evidence, not a direct attestation of a Connector write. pr_review rows are not filterable by connector routing (Reviews API omits performed_via_github_app) and are excluded from the connector-routed universe count. See analysis/connector-linkage-methodology.md."
acf27d63d27a8471,,leray-hopf-notes,pr_review,57,4706427241,reconstructed,low,n/a,candidates:2,"Q1 negative (no tool-role messages / connector payload in the export; see extractor inventory.json): every tier below exact-id/exact-body is circumstantial text-based evidence, not a direct attestation of a Connector write. pr_review rows are not filterable by connector routing (Reviews API omits performed_via_github_app) and are excluded from the connector-routed universe count. See analysis/connector-linkage-methodology.md."
acf27d63d27a8471,,leray-hopf-notes,pr_review,57,4706427420,reconstructed,low,n/a,candidates:2,"Q1 negative (no tool-role messages / connector payload in the export; see extractor inventory.json): every tier below exact-id/exact-body is circumstantial text-based evidence, not a direct attestation of a Connector write. pr_review rows are not filterable by connector routing (Reviews API omits performed_via_github_app) and are excluded from the connector-routed universe count. See analysis/connector-linkage-methodology.md."
acf27d63d27a8471,,leray-hopf-notes,pr_review,57,4706427553,reconstructed,low,n/a,candidates:2,"Q1 negative (no tool-role messages / connector payload in the export; see extractor inventory.json): every tier below exact-id/exact-body is circumstantial text-based evidence, not a direct attestation of a Connector write. pr_review rows are not filterable by connector routing (Reviews API omits performed_via_github_app) and are excluded from the connector-routed universe count. See analysis/connector-linkage-methodology.md."
2e1aa982692ee505,2026-07-16T01:47:56+00:00,leray-hopf-notes,pr_review,57,4709728382,exact-id,high,yes,alias:lean-pde-notes,"Q1 negative (no tool-role messages / connector payload in the export; see extractor inventory.json): every tier below exact-id/exact-body is circumstantial text-based evidence, not a direct attestation of a Connector write. pr_review rows are not filterable by connector routing (Reviews API omits performed_via_github_app) and are excluded from the connector-routed universe count. See analysis/connector-linkage-methodology.md."
2e1aa982692ee505,2026-07-16T01:47:56+00:00,leray-hopf-notes,pr_review,57,4709761093,time-and-context,medium,yes,mentions:2;alias:lean-pde-notes,"Q1 negative (no tool-role messages / connector payload in the export; see extractor inventory.json): every tier below exact-id/exact-body is circumstantial text-based evidence, not a direct attestation of a Connector write. pr_review rows are not filterable by connector routing (Reviews API omits performed_via_github_app) and are excluded from the connector-routed universe count. See analysis/connector-linkage-methodology.md."
2e1aa982692ee505,2026-07-16T01:47:56+00:00,leray-hopf-notes,pr_review,57,4709761195,time-and-context,medium,yes,mentions:2;alias:lean-pde-notes,"Q1 negative (no tool-role messages / connector payload in the export; see extractor inventory.json): every tier below exact-id/exact-body is circumstantial text-based evidence, not a direct attestation of a Connector write. pr_review rows are not filterable by connector routing (Reviews API omits performed_via_github_app) and are excluded from the connector-routed universe count. See analysis/connector-linkage-methodology.md."
2e1aa982692ee505,2026-07-16T01:47:56+00:00,leray-hopf-notes,pr_review,57,4709761425,time-and-context,medium,yes,mentions:2;alias:lean-pde-notes,"Q1 negative (no tool-role messages / connector payload in the export; see extractor inventory.json): every tier below exact-id/exact-body is circumstantial text-based evidence, not a direct attestation of a Connector write. pr_review rows are not filterable by connector routing (Reviews API omits performed_via_github_app) and are excluded from the connector-routed universe count. See analysis/connector-linkage-methodology.md."
2e1aa982692ee505,2026-07-16T01:47:56+00:00,leray-hopf-notes,pr_review,57,4709761553,time-and-context,medium,yes,mentions:2;alias:lean-pde-notes,"Q1 negative (no tool-role messages / connector payload in the export; see extractor inventory.json): every tier below exact-id/exact-body is circumstantial text-based evidence, not a direct attestation of a Connector write. pr_review rows are not filterable by connector routing (Reviews API omits performed_via_github_app) and are excluded from the connector-routed universe count. See analysis/connector-linkage-methodology.md."
2e1aa982692ee505,2026-07-16T01:47:56+00:00,leray-hopf-notes,pr_review,57,4709860951,time-and-context,medium,yes,mentions:2;alias:lean-pde-notes,"Q1 negative (no tool-role messages / connector payload in the export; see extractor inventory.json): every tier below exact-id/exact-body is circumstantial text-based evidence, not a direct attestation of a Connector write. pr_review rows are not filterable by connector routing (Reviews API omits performed_via_github_app) and are excluded from the connector-routed universe count. See analysis/connector-linkage-methodology.md."
2e1aa982692ee505,2026-07-15T14:27:50+00:00,leray-hopf-notes,pr_review,55,4704987964,time-and-context,medium,yes,mentions:2;alias:lean-pde-notes,"Q1 negative (no tool-role messages / connector payload in the export; see extractor inventory.json): every tier below exact-id/exact-body is circumstantial text-based evidence, not a direct attestation of a Connector write. pr_review rows are not filterable by connector routing (Reviews API omits performed_via_github_app) and are excluded from the connector-routed universe count. See analysis/connector-linkage-methodology.md."
2e1aa982692ee505,2026-07-15T14:27:50+00:00,leray-hopf-notes,pr_review,55,4705009431,time-and-context,medium,yes,mentions:2;alias:lean-pde-notes,"Q1 negative (no tool-role messages / connector payload in the export; see extractor inventory.json): every tier below exact-id/exact-body is circumstantial text-based evidence, not a direct attestation of a Connector write. pr_review rows are not filterable by connector routing (Reviews API omits performed_via_github_app) and are excluded from the connector-routed universe count. See analysis/connector-linkage-methodology.md."
2e1aa982692ee505,2026-07-15T14:27:50+00:00,leray-hopf-notes,pr_review,55,4705069779,time-and-context,medium,yes,mentions:2;alias:lean-pde-notes,"Q1 negative (no tool-role messages / connector payload in the export; see extractor inventory.json): every tier below exact-id/exact-body is circumstantial text-based evidence, not a direct attestation of a Connector write. pr_review rows are not filterable by connector routing (Reviews API omits performed_via_github_app) and are excluded from the connector-routed universe count. See analysis/connector-linkage-methodology.md."
2e1aa982692ee505,2026-07-15T14:27:50+00:00,leray-hopf-notes,pr_review,55,4705105767,time-and-context,medium,yes,mentions:2;alias:lean-pde-notes,"Q1 negative (no tool-role messages / connector payload in the export; see extractor inventory.json): every tier below exact-id/exact-body is circumstantial text-based evidence, not a direct attestation of a Connector write. pr_review rows are not filterable by connector routing (Reviews API omits performed_via_github_app) and are excluded from the connector-routed universe count. See analysis/connector-linkage-methodology.md."
2e1aa982692ee505,2026-07-15T14:27:50+00:00,leray-hopf-notes,pr_review,55,4705106151,time-and-context,medium,yes,mentions:2;alias:lean-pde-notes,"Q1 negative (no tool-role messages / connector payload in the export; see extractor inventory.json): every tier below exact-id/exact-body is circumstantial text-based evidence, not a direct attestation of a Connector write. pr_review rows are not filterable by connector routing (Reviews API omits performed_via_github_app) and are excluded from the connector-routed universe count. See analysis/connector-linkage-methodology.md."
2e1aa982692ee505,2026-07-15T14:27:50+00:00,leray-hopf-notes,pr_review,55,4705106514,time-and-context,medium,yes,mentions:2;alias:lean-pde-notes,"Q1 negative (no tool-role messages / connector payload in the export; see extractor inventory.json): every tier below exact-id/exact-body is circumstantial text-based evidence, not a direct attestation of a Connector write. pr_review rows are not filterable by connector routing (Reviews API omits performed_via_github_app) and are excluded from the connector-routed universe count. See analysis/connector-linkage-methodology.md."
2e1aa982692ee505,2026-07-15T16:10:59+00:00,leray-hopf-notes,pr_review,55,4705995294,time-and-context,medium,yes,alias:lean-pde-notes,"Q1 negative (no tool-role messages / connector payload in the export; see extractor inventory.json): every tier below exact-id/exact-body is circumstantial text-based evidence, not a direct attestation of a Connector write. pr_review rows are not filterable by connector routing (Reviews API omits performed_via_github_app) and are excluded from the connector-routed universe count. See analysis/connector-linkage-methodology.md."
2e1aa982692ee505,2026-07-15T16:10:59+00:00,leray-hopf-notes,pr_review,55,4705998441,time-and-context,medium,yes,alias:lean-pde-notes,"Q1 negative (no tool-role messages / connector payload in the export; see extractor inventory.json): every tier below exact-id/exact-body is circumstantial text-based evidence, not a direct attestation of a Connector write. pr_review rows are not filterable by connector routing (Reviews API omits performed_via_github_app) and are excluded from the connector-routed universe count. See analysis/connector-linkage-methodology.md."
2e1aa982692ee505,2026-07-15T12:59:13+00:00,leray-hopf-notes,pr_review,54,4704268932,time-and-context,medium,yes,mentions:2;alias:lean-pde-notes,"Q1 negative (no tool-role messages / connector payload in the export; see extractor inventory.json): every tier below exact-id/exact-body is circumstantial text-based evidence, not a direct attestation of a Connector write. pr_review rows are not filterable by connector routing (Reviews API omits performed_via_github_app) and are excluded from the connector-routed universe count. See analysis/connector-linkage-methodology.md."
2e1aa982692ee505,2026-07-15T12:59:13+00:00,leray-hopf-notes,pr_review,54,4704295273,time-and-context,medium,yes,mentions:2;alias:lean-pde-notes,"Q1 negative (no tool-role messages / connector payload in the export; see extractor inventory.json): every tier below exact-id/exact-body is circumstantial text-based evidence, not a direct attestation of a Connector write. pr_review rows are not filterable by connector routing (Reviews API omits performed_via_github_app) and are excluded from the connector-routed universe count. See analysis/connector-linkage-methodology.md."
2e1aa982692ee505,2026-07-15T12:59:13+00:00,leray-hopf-notes,pr_review,54,4704295602,time-and-context,medium,yes,mentions:2;alias:lean-pde-notes,"Q1 negative (no tool-role messages / connector payload in the export; see extractor inventory.json): every tier below exact-id/exact-body is circumstantial text-based evidence, not a direct attestation of a Connector write. pr_review rows are not filterable by connector routing (Reviews API omits performed_via_github_app) and are excluded from the connector-routed universe count. See analysis/connector-linkage-methodology.md."
2e1aa982692ee505,2026-07-15T12:59:13+00:00,leray-hopf-notes,pr_review,54,4704295897,time-and-context,medium,yes,mentions:2;alias:lean-pde-notes,"Q1 negative (no tool-role messages / connector payload in the export; see extractor inventory.json): every tier below exact-id/exact-body is circumstantial text-based evidence, not a direct attestation of a Connector write. pr_review rows are not filterable by connector routing (Reviews API omits performed_via_github_app) and are excluded from the connector-routed universe count. See analysis/connector-linkage-methodology.md."
2e1aa982692ee505,2026-07-15T12:59:13+00:00,leray-hopf-notes,pr_review,54,4704644173,time-and-context,medium,yes,mentions:2;alias:lean-pde-notes,"Q1 negative (no tool-role messages / connector payload in the export; see extractor inventory.json): every tier below exact-id/exact-body is circumstantial text-based evidence, not a direct attestation of a Connector write. pr_review rows are not filterable by connector routing (Reviews API omits performed_via_github_app) and are excluded from the connector-routed universe count. See analysis/connector-linkage-methodology.md."
2e1aa982692ee505,2026-07-15T12:59:13+00:00,leray-hopf-notes,pr_review,54,4704670824,time-and-context,medium,yes,mentions:2;alias:lean-pde-notes,"Q1 negative (no tool-role messages / connector payload in the export; see extractor inventory.json): every tier below exact-id/exact-body is circumstantial text-based evidence, not a direct attestation of a Connector write. pr_review rows are not filterable by connector routing (Reviews API omits performed_via_github_app) and are excluded from the connector-routed universe count. See analysis/connector-linkage-methodology.md."
2e1aa982692ee505,2026-07-15T12:59:13+00:00,leray-hopf-notes,pr_review,54,4704671180,time-and-context,medium,yes,mentions:2;alias:lean-pde-notes,"Q1 negative (no tool-role messages / connector payload in the export; see extractor inventory.json): every tier below exact-id/exact-body is circumstantial text-based evidence, not a direct attestation of a Connector write. pr_review rows are not filterable by connector routing (Reviews API omits performed_via_github_app) and are excluded from the connector-routed universe count. See analysis/connector-linkage-methodology.md."
2e1aa982692ee505,2026-07-15T12:59:13+00:00,leray-hopf-notes,pr_review,54,4704671536,time-and-context,medium,yes,mentions:2;alias:lean-pde-notes,"Q1 negative (no tool-role messages / connector payload in the export; see extractor inventory.json): every tier below exact-id/exact-body is circumstantial text-based evidence, not a direct attestation of a Connector write. pr_review rows are not filterable by connector routing (Reviews API omits performed_via_github_app) and are excluded from the connector-routed universe count. See analysis/connector-linkage-methodology.md."
2e1aa982692ee505,2026-07-15T12:59:13+00:00,leray-hopf-notes,pr_review,54,4704795857,time-and-context,medium,yes,mentions:2;alias:lean-pde-notes,"Q1 negative (no tool-role messages / connector payload in the export; see extractor inventory.json): every tier below exact-id/exact-body is circumstantial text-based evidence, not a direct attestation of a Connector write. pr_review rows are not filterable by connector routing (Reviews API omits performed_via_github_app) and are excluded from the connector-routed universe count. See analysis/connector-linkage-methodology.md."
acf27d63d27a8471,,leray-hopf-notes,pr_review,53,4703115166,reconstructed,low,n/a,,"Q1 negative (no tool-role messages / connector payload in the export; see extractor inventory.json): every tier below exact-id/exact-body is circumstantial text-based evidence, not a direct attestation of a Connector write. pr_review rows are not filterable by connector routing (Reviews API omits performed_via_github_app) and are excluded from the connector-routed universe count. See analysis/connector-linkage-methodology.md."
acf27d63d27a8471,,leray-hopf-notes,pr_review,53,4703125560,reconstructed,low,n/a,,"Q1 negative (no tool-role messages / connector payload in the export; see extractor inventory.json): every tier below exact-id/exact-body is circumstantial text-based evidence, not a direct attestation of a Connector write. pr_review rows are not filterable by connector routing (Reviews API omits performed_via_github_app) and are excluded from the connector-routed universe count. See analysis/connector-linkage-methodology.md."
acf27d63d27a8471,,leray-hopf-notes,pr_review,53,4703382650,reconstructed,low,n/a,candidates:3,"Q1 negative (no tool-role messages / connector payload in the export; see extractor inventory.json): every tier below exact-id/exact-body is circumstantial text-based evidence, not a direct attestation of a Connector write. pr_review rows are not filterable by connector routing (Reviews API omits performed_via_github_app) and are excluded from the connector-routed universe count. See analysis/connector-linkage-methodology.md."
acf27d63d27a8471,,leray-hopf-notes,pr_review,53,4703629150,reconstructed,low,n/a,candidates:3,"Q1 negative (no tool-role messages / connector payload in the export; see extractor inventory.json): every tier below exact-id/exact-body is circumstantial text-based evidence, not a direct attestation of a Connector write. pr_review rows are not filterable by connector routing (Reviews API omits performed_via_github_app) and are excluded from the connector-routed universe count. See analysis/connector-linkage-methodology.md."
acf27d63d27a8471,,leray-hopf-notes,pr_review,53,4703658374,reconstructed,low,n/a,candidates:3,"Q1 negative (no tool-role messages / connector payload in the export; see extractor inventory.json): every tier below exact-id/exact-body is circumstantial text-based evidence, not a direct attestation of a Connector write. pr_review rows are not filterable by connector routing (Reviews API omits performed_via_github_app) and are excluded from the connector-routed universe count. See analysis/connector-linkage-methodology.md."
acf27d63d27a8471,,leray-hopf-notes,pr_review,53,4703659155,reconstructed,low,n/a,candidates:3,"Q1 negative (no tool-role messages / connector payload in the export; see extractor inventory.json): every tier below exact-id/exact-body is circumstantial text-based evidence, not a direct attestation of a Connector write. pr_review rows are not filterable by connector routing (Reviews API omits performed_via_github_app) and are excluded from the connector-routed universe count. See analysis/connector-linkage-methodology.md."
acf27d63d27a8471,,leray-hopf-notes,pr_review,53,4703681534,reconstructed,low,n/a,candidates:3,"Q1 negative (no tool-role messages / connector payload in the export; see extractor inventory.json): every tier below exact-id/exact-body is circumstantial text-based evidence, not a direct attestation of a Connector write. pr_review rows are not filterable by connector routing (Reviews API omits performed_via_github_app) and are excluded from the connector-routed universe count. See analysis/connector-linkage-methodology.md."
acf27d63d27a8471,,leray-hopf-notes,pr_review,53,4703681695,reconstructed,low,n/a,candidates:3,"Q1 negative (no tool-role messages / connector payload in the export; see extractor inventory.json): every tier below exact-id/exact-body is circumstantial text-based evidence, not a direct attestation of a Connector write. pr_review rows are not filterable by connector routing (Reviews API omits performed_via_github_app) and are excluded from the connector-routed universe count. See analysis/connector-linkage-methodology.md."
acf27d63d27a8471,,leray-hopf-notes,pr_review,53,4703681801,reconstructed,low,n/a,candidates:3,"Q1 negative (no tool-role messages / connector payload in the export; see extractor inventory.json): every tier below exact-id/exact-body is circumstantial text-based evidence, not a direct attestation of a Connector write. pr_review rows are not filterable by connector routing (Reviews API omits performed_via_github_app) and are excluded from the connector-routed universe count. See analysis/connector-linkage-methodology.md."
acf27d63d27a8471,,leray-hopf-notes,pr_review,53,4703758419,reconstructed,low,n/a,candidates:3,"Q1 negative (no tool-role messages / connector payload in the export; see extractor inventory.json): every tier below exact-id/exact-body is circumstantial text-based evidence, not a direct attestation of a Connector write. pr_review rows are not filterable by connector routing (Reviews API omits performed_via_github_app) and are excluded from the connector-routed universe count. See analysis/connector-linkage-methodology.md."
acf27d63d27a8471,,leray-hopf-notes,pr_review,52,4692574011,reconstructed,low,n/a,,"Q1 negative (no tool-role messages / connector payload in the export; see extractor inventory.json): every tier below exact-id/exact-body is circumstantial text-based evidence, not a direct attestation of a Connector write. pr_review rows are not filterable by connector routing (Reviews API omits performed_via_github_app) and are excluded from the connector-routed universe count. See analysis/connector-linkage-methodology.md."
acf27d63d27a8471,,leray-hopf-notes,pr_review,52,4692589681,reconstructed,low,n/a,,"Q1 negative (no tool-role messages / connector payload in the export; see extractor inventory.json): every tier below exact-id/exact-body is circumstantial text-based evidence, not a direct attestation of a Connector write. pr_review rows are not filterable by connector routing (Reviews API omits performed_via_github_app) and are excluded from the connector-routed universe count. See analysis/connector-linkage-methodology.md."
acf27d63d27a8471,,leray-hopf-notes,pr_review,48,4690185518,reconstructed,low,n/a,,"Q1 negative (no tool-role messages / connector payload in the export; see extractor inventory.json): every tier below exact-id/exact-body is circumstantial text-based evidence, not a direct attestation of a Connector write. pr_review rows are not filterable by connector routing (Reviews API omits performed_via_github_app) and are excluded from the connector-routed universe count. See analysis/connector-linkage-methodology.md."
acf27d63d27a8471,,leray-hopf-notes,pr_review,48,4690195313,reconstructed,low,n/a,,"Q1 negative (no tool-role messages / connector payload in the export; see extractor inventory.json): every tier below exact-id/exact-body is circumstantial text-based evidence, not a direct attestation of a Connector write. pr_review rows are not filterable by connector routing (Reviews API omits performed_via_github_app) and are excluded from the connector-routed universe count. See analysis/connector-linkage-methodology.md."
acf27d63d27a8471,,leray-hopf-notes,pr_review,47,4677874387,reconstructed,low,n/a,,"Q1 negative (no tool-role messages / connector payload in the export; see extractor inventory.json): every tier below exact-id/exact-body is circumstantial text-based evidence, not a direct attestation of a Connector write. pr_review rows are not filterable by connector routing (Reviews API omits performed_via_github_app) and are excluded from the connector-routed universe count. See analysis/connector-linkage-methodology.md."
acf27d63d27a8471,,leray-hopf-notes,pr_review,47,4677876255,reconstructed,low,n/a,,"Q1 negative (no tool-role messages / connector payload in the export; see extractor inventory.json): every tier below exact-id/exact-body is circumstantial text-based evidence, not a direct attestation of a Connector write. pr_review rows are not filterable by connector routing (Reviews API omits performed_via_github_app) and are excluded from the connector-routed universe count. See analysis/connector-linkage-methodology.md."
acf27d63d27a8471,,leray-hopf-notes,pr_review,47,4677876279,reconstructed,low,n/a,,"Q1 negative (no tool-role messages / connector payload in the export; see extractor inventory.json): every tier below exact-id/exact-body is circumstantial text-based evidence, not a direct attestation of a Connector write. pr_review rows are not filterable by connector routing (Reviews API omits performed_via_github_app) and are excluded from the connector-routed universe count. See analysis/connector-linkage-methodology.md."
acf27d63d27a8471,,leray-hopf-notes,pr_review,46,4677832479,reconstructed,low,n/a,,"Q1 negative (no tool-role messages / connector payload in the export; see extractor inventory.json): every tier below exact-id/exact-body is circumstantial text-based evidence, not a direct attestation of a Connector write. pr_review rows are not filterable by connector routing (Reviews API omits performed_via_github_app) and are excluded from the connector-routed universe count. See analysis/connector-linkage-methodology.md."
acf27d63d27a8471,,leray-hopf-notes,pr_review,46,4677835175,reconstructed,low,n/a,,"Q1 negative (no tool-role messages / connector payload in the export; see extractor inventory.json): every tier below exact-id/exact-body is circumstantial text-based evidence, not a direct attestation of a Connector write. pr_review rows are not filterable by connector routing (Reviews API omits performed_via_github_app) and are excluded from the connector-routed universe count. See analysis/connector-linkage-methodology.md."
acf27d63d27a8471,,leray-hopf-notes,pr_review,45,4677817098,reconstructed,low,n/a,,"Q1 negative (no tool-role messages / connector payload in the export; see extractor inventory.json): every tier below exact-id/exact-body is circumstantial text-based evidence, not a direct attestation of a Connector write. pr_review rows are not filterable by connector routing (Reviews API omits performed_via_github_app) and are excluded from the connector-routed universe count. See analysis/connector-linkage-methodology.md."
acf27d63d27a8471,,leray-hopf-notes,pr_review,45,4677818884,reconstructed,low,n/a,,"Q1 negative (no tool-role messages / connector payload in the export; see extractor inventory.json): every tier below exact-id/exact-body is circumstantial text-based evidence, not a direct attestation of a Connector write. pr_review rows are not filterable by connector routing (Reviews API omits performed_via_github_app) and are excluded from the connector-routed universe count. See analysis/connector-linkage-methodology.md."
acf27d63d27a8471,,leray-hopf-notes,pr_review,45,4677818903,reconstructed,low,n/a,,"Q1 negative (no tool-role messages / connector payload in the export; see extractor inventory.json): every tier below exact-id/exact-body is circumstantial text-based evidence, not a direct attestation of a Connector write. pr_review rows are not filterable by connector routing (Reviews API omits performed_via_github_app) and are excluded from the connector-routed universe count. See analysis/connector-linkage-methodology.md."
acf27d63d27a8471,,leray-hopf-notes,pr_review,44,4677804280,reconstructed,low,n/a,,"Q1 negative (no tool-role messages / connector payload in the export; see extractor inventory.json): every tier below exact-id/exact-body is circumstantial text-based evidence, not a direct attestation of a Connector write. pr_review rows are not filterable by connector routing (Reviews API omits performed_via_github_app) and are excluded from the connector-routed universe count. See analysis/connector-linkage-methodology.md."
acf27d63d27a8471,,leray-hopf-notes,pr_review,44,4677805769,reconstructed,low,n/a,,"Q1 negative (no tool-role messages / connector payload in the export; see extractor inventory.json): every tier below exact-id/exact-body is circumstantial text-based evidence, not a direct attestation of a Connector write. pr_review rows are not filterable by connector routing (Reviews API omits performed_via_github_app) and are excluded from the connector-routed universe count. See analysis/connector-linkage-methodology.md."
acf27d63d27a8471,,leray-hopf-notes,pr_review,43,4677791071,reconstructed,low,n/a,,"Q1 negative (no tool-role messages / connector payload in the export; see extractor inventory.json): every tier below exact-id/exact-body is circumstantial text-based evidence, not a direct attestation of a Connector write. pr_review rows are not filterable by connector routing (Reviews API omits performed_via_github_app) and are excluded from the connector-routed universe count. See analysis/connector-linkage-methodology.md."
acf27d63d27a8471,,leray-hopf-notes,pr_review,43,4677792268,reconstructed,low,n/a,,"Q1 negative (no tool-role messages / connector payload in the export; see extractor inventory.json): every tier below exact-id/exact-body is circumstantial text-based evidence, not a direct attestation of a Connector write. pr_review rows are not filterable by connector routing (Reviews API omits performed_via_github_app) and are excluded from the connector-routed universe count. See analysis/connector-linkage-methodology.md."
acf27d63d27a8471,,leray-hopf-notes,pr_review,43,4677792292,reconstructed,low,n/a,,"Q1 negative (no tool-role messages / connector payload in the export; see extractor inventory.json): every tier below exact-id/exact-body is circumstantial text-based evidence, not a direct attestation of a Connector write. pr_review rows are not filterable by connector routing (Reviews API omits performed_via_github_app) and are excluded from the connector-routed universe count. See analysis/connector-linkage-methodology.md."
acf27d63d27a8471,,leray-hopf-notes,pr_review,42,4677770352,reconstructed,low,n/a,,"Q1 negative (no tool-role messages / connector payload in the export; see extractor inventory.json): every tier below exact-id/exact-body is circumstantial text-based evidence, not a direct attestation of a Connector write. pr_review rows are not filterable by connector routing (Reviews API omits performed_via_github_app) and are excluded from the connector-routed universe count. See analysis/connector-linkage-methodology.md."
acf27d63d27a8471,,leray-hopf-notes,pr_review,42,4677772705,reconstructed,low,n/a,,"Q1 negative (no tool-role messages / connector payload in the export; see extractor inventory.json): every tier below exact-id/exact-body is circumstantial text-based evidence, not a direct attestation of a Connector write. pr_review rows are not filterable by connector routing (Reviews API omits performed_via_github_app) and are excluded from the connector-routed universe count. See analysis/connector-linkage-methodology.md."
acf27d63d27a8471,,leray-hopf-notes,pr_review,41,4677561328,reconstructed,low,n/a,,"Q1 negative (no tool-role messages / connector payload in the export; see extractor inventory.json): every tier below exact-id/exact-body is circumstantial text-based evidence, not a direct attestation of a Connector write. pr_review rows are not filterable by connector routing (Reviews API omits performed_via_github_app) and are excluded from the connector-routed universe count. See analysis/connector-linkage-methodology.md."
acf27d63d27a8471,,leray-hopf-notes,pr_review,40,4677092139,reconstructed,low,n/a,,"Q1 negative (no tool-role messages / connector payload in the export; see extractor inventory.json): every tier below exact-id/exact-body is circumstantial text-based evidence, not a direct attestation of a Connector write. pr_review rows are not filterable by connector routing (Reviews API omits performed_via_github_app) and are excluded from the connector-routed universe count. See analysis/connector-linkage-methodology.md."
acf27d63d27a8471,,leray-hopf-notes,pr_review,40,4677095143,reconstructed,low,n/a,,"Q1 negative (no tool-role messages / connector payload in the export; see extractor inventory.json): every tier below exact-id/exact-body is circumstantial text-based evidence, not a direct attestation of a Connector write. pr_review rows are not filterable by connector routing (Reviews API omits performed_via_github_app) and are excluded from the connector-routed universe count. See analysis/connector-linkage-methodology.md."
acf27d63d27a8471,,leray-hopf-notes,pr_review,39,4677050287,reconstructed,low,n/a,,"Q1 negative (no tool-role messages / connector payload in the export; see extractor inventory.json): every tier below exact-id/exact-body is circumstantial text-based evidence, not a direct attestation of a Connector write. pr_review rows are not filterable by connector routing (Reviews API omits performed_via_github_app) and are excluded from the connector-routed universe count. See analysis/connector-linkage-methodology.md."
acf27d63d27a8471,,leray-hopf-notes,pr_review,38,4677002375,reconstructed,low,n/a,,"Q1 negative (no tool-role messages / connector payload in the export; see extractor inventory.json): every tier below exact-id/exact-body is circumstantial text-based evidence, not a direct attestation of a Connector write. pr_review rows are not filterable by connector routing (Reviews API omits performed_via_github_app) and are excluded from the connector-routed universe count. See analysis/connector-linkage-methodology.md."
acf27d63d27a8471,,leray-hopf-notes,pr_review,38,4677005656,reconstructed,low,n/a,,"Q1 negative (no tool-role messages / connector payload in the export; see extractor inventory.json): every tier below exact-id/exact-body is circumstantial text-based evidence, not a direct attestation of a Connector write. pr_review rows are not filterable by connector routing (Reviews API omits performed_via_github_app) and are excluded from the connector-routed universe count. See analysis/connector-linkage-methodology.md."
acf27d63d27a8471,,leray-hopf-notes,pr_review,37,4676984618,reconstructed,low,n/a,,"Q1 negative (no tool-role messages / connector payload in the export; see extractor inventory.json): every tier below exact-id/exact-body is circumstantial text-based evidence, not a direct attestation of a Connector write. pr_review rows are not filterable by connector routing (Reviews API omits performed_via_github_app) and are excluded from the connector-routed universe count. See analysis/connector-linkage-methodology.md."
000bc2393b0373b3,,leray-hopf-notes,pr_review,35,4646882874,reconstructed,low,n/a,,"Q1 negative (no tool-role messages / connector payload in the export; see extractor inventory.json): every tier below exact-id/exact-body is circumstantial text-based evidence, not a direct attestation of a Connector write. pr_review rows are not filterable by connector routing (Reviews API omits performed_via_github_app) and are excluded from the connector-routed universe count. See analysis/connector-linkage-methodology.md."
000bc2393b0373b3,,leray-hopf-notes,pr_review,31,4645899440,reconstructed,low,n/a,,"Q1 negative (no tool-role messages / connector payload in the export; see extractor inventory.json): every tier below exact-id/exact-body is circumstantial text-based evidence, not a direct attestation of a Connector write. pr_review rows are not filterable by connector routing (Reviews API omits performed_via_github_app) and are excluded from the connector-routed universe count. See analysis/connector-linkage-methodology.md."
,,leray-hopf-notes,pr_review,26,4644454963,unmatched,,n/a,,"Q1 negative (no tool-role messages / connector payload in the export; see extractor inventory.json): every tier below exact-id/exact-body is circumstantial text-based evidence, not a direct attestation of a Connector write. pr_review rows are not filterable by connector routing (Reviews API omits performed_via_github_app) and are excluded from the connector-routed universe count. See analysis/connector-linkage-methodology.md."
000bc2393b0373b3,,leray-hopf-notes,pr_review,26,4644621127,reconstructed,low,n/a,,"Q1 negative (no tool-role messages / connector payload in the export; see extractor inventory.json): every tier below exact-id/exact-body is circumstantial text-based evidence, not a direct attestation of a Connector write. pr_review rows are not filterable by connector routing (Reviews API omits performed_via_github_app) and are excluded from the connector-routed universe count. See analysis/connector-linkage-methodology.md."
000bc2393b0373b3,,leray-hopf-notes,pr_review,26,4644642031,reconstructed,low,n/a,,"Q1 negative (no tool-role messages / connector payload in the export; see extractor inventory.json): every tier below exact-id/exact-body is circumstantial text-based evidence, not a direct attestation of a Connector write. pr_review rows are not filterable by connector routing (Reviews API omits performed_via_github_app) and are excluded from the connector-routed universe count. See analysis/connector-linkage-methodology.md."
